item_code,price_list,uom,price_list_rate,currency
BIO-00001,Standard Selling,Nos,2849131,PKR
BIO-00001,Standard Buying,Nos,2246285,PKR
BIO-00002,Standard Selling,Nos,1007120,PKR
BIO-00002,Standard Buying,Nos,1794597,PKR
BIO-00003,Standard Selling,Nos,1340392,PKR
BIO-00003,Standard Buying,Nos,1214079,PKR
BIO-00004,Standard Selling,Nos,335674,PKR
BIO-00004,Standard Buying,Nos,2395045,PKR
BIO-00005,Standard Selling,Nos,2561631,PKR
BIO-00005,Standard Buying,Nos,794561,PKR
BIO-00006,Standard Selling,Nos,2705605,PKR
BIO-00006,Standard Buying,Nos,2906884,PKR
BIO-00007,Standard Selling,Nos,1871809,PKR
BIO-00007,Standard Buying,Nos,2391406,PKR
BIO-00008,Standard Selling,Nos,2158784,PKR
BIO-00008,Standard Buying,Nos,256646,PKR
BIO-00009,Standard Selling,Nos,1524580,PKR
BIO-00009,Standard Buying,Nos,2758263,PKR
BIO-00010,Standard Selling,Nos,2895814,PKR
BIO-00010,Standard Buying,Nos,1658678,PKR
BIO-00011,Standard Selling,Nos,3375903,PKR
BIO-00011,Standard Buying,Nos,2259757,PKR
BIO-00012,Standard Selling,Nos,1416869,PKR
BIO-00012,Standard Buying,Nos,2980529,PKR
BIO-00013,Standard Selling,Nos,1826192,PKR
BIO-00013,Standard Buying,Nos,1772363,PKR
BIO-00014,Standard Selling,Nos,705864,PKR
BIO-00014,Standard Buying,Nos,1317823,PKR
BIO-00015,Standard Selling,Nos,1658988,PKR
BIO-00015,Standard Buying,Nos,831244,PKR
BIO-00016,Standard Selling,Nos,3244250,PKR
BIO-00016,Standard Buying,Nos,2316234,PKR
BIO-00017,Standard Selling,Nos,2066081,PKR
BIO-00017,Standard Buying,Nos,1070693,PKR
BIO-00018,Standard Selling,Nos,1025163,PKR
BIO-00018,Standard Buying,Nos,1321379,PKR
BIO-00019,Standard Selling,Nos,3047792,PKR
BIO-00019,Standard Buying,Nos,665455,PKR
BIO-00020,Standard Selling,Nos,3459670,PKR
BIO-00020,Standard Buying,Nos,2002068,PKR
BIO-00021,Standard Selling,Nos,321692,PKR
BIO-00021,Standard Buying,Nos,2418817,PKR
BIO-00022,Standard Selling,Nos,1810894,PKR
BIO-00022,Standard Buying,Nos,1806960,PKR
BIO-00023,Standard Selling,Nos,2417430,PKR
BIO-00023,Standard Buying,Nos,2282946,PKR
BIO-00024,Standard Selling,Nos,642425,PKR
BIO-00024,Standard Buying,Nos,1689147,PKR
BIO-00025,Standard Selling,Nos,1098622,PKR
BIO-00025,Standard Buying,Nos,1129529,PKR
BIO-00026,Standard Selling,Nos,932856,PKR
BIO-00026,Standard Buying,Nos,1445223,PKR
BIO-00027,Standard Selling,Nos,2792480,PKR
BIO-00027,Standard Buying,Nos,391645,PKR
BIO-00028,Standard Selling,Nos,1966542,PKR
BIO-00028,Standard Buying,Nos,1616411,PKR
BIO-00029,Standard Selling,Nos,467822,PKR
BIO-00029,Standard Buying,Nos,2306618,PKR
BIO-00030,Standard Selling,Nos,3119128,PKR
BIO-00030,Standard Buying,Nos,858937,PKR
BIO-00031,Standard Selling,Nos,296160,PKR
BIO-00031,Standard Buying,Nos,1186009,PKR
BIO-00032,Standard Selling,Nos,1661957,PKR
BIO-00032,Standard Buying,Nos,2885584,PKR
BIO-00033,Standard Selling,Nos,2617425,PKR
BIO-00033,Standard Buying,Nos,2588838,PKR
BIO-00034,Standard Selling,Nos,245874,PKR
BIO-00034,Standard Buying,Nos,365279,PKR
BIO-00035,Standard Selling,Nos,869214,PKR
BIO-00035,Standard Buying,Nos,2524504,PKR
BIO-00036,Standard Selling,Nos,3117956,PKR
BIO-00036,Standard Buying,Nos,2876267,PKR
BIO-00037,Standard Selling,Nos,2423988,PKR
BIO-00037,Standard Buying,Nos,970233,PKR
BIO-00038,Standard Selling,Nos,2090725,PKR
BIO-00038,Standard Buying,Nos,936144,PKR
BIO-00039,Standard Selling,Nos,1476553,PKR
BIO-00039,Standard Buying,Nos,1331662,PKR
BIO-00040,Standard Selling,Nos,144314,PKR
BIO-00040,Standard Buying,Nos,948386,PKR
BIO-00041,Standard Selling,Nos,877017,PKR
BIO-00041,Standard Buying,Nos,552059,PKR
BIO-00042,Standard Selling,Nos,3212638,PKR
BIO-00042,Standard Buying,Nos,2068739,PKR
BIO-00043,Standard Selling,Nos,1097509,PKR
BIO-00043,Standard Buying,Nos,2977668,PKR
BIO-00044,Standard Selling,Nos,2615043,PKR
BIO-00044,Standard Buying,Nos,917790,PKR
BIO-00045,Standard Selling,Nos,1743595,PKR
BIO-00045,Standard Buying,Nos,1063826,PKR
BIO-00046,Standard Selling,Nos,2395588,PKR
BIO-00046,Standard Buying,Nos,1408951,PKR
BIO-00047,Standard Selling,Nos,3332740,PKR
BIO-00047,Standard Buying,Nos,1247236,PKR
BIO-00048,Standard Selling,Nos,1676611,PKR
BIO-00048,Standard Buying,Nos,2015596,PKR
BIO-00049,Standard Selling,Nos,2318290,PKR
BIO-00049,Standard Buying,Nos,2780934,PKR
BIO-00050,Standard Selling,Nos,1586843,PKR
BIO-00050,Standard Buying,Nos,1353616,PKR
BIO-00051,Standard Selling,Nos,1177068,PKR
BIO-00051,Standard Buying,Nos,1568458,PKR
BIO-00052,Standard Selling,Nos,2230908,PKR
BIO-00052,Standard Buying,Nos,2145732,PKR
BIO-00053,Standard Selling,Nos,2034562,PKR
BIO-00053,Standard Buying,Nos,473592,PKR
BIO-00054,Standard Selling,Nos,3447256,PKR
BIO-00054,Standard Buying,Nos,2029185,PKR
BIO-00055,Standard Selling,Nos,3274503,PKR
BIO-00055,Standard Buying,Nos,1403155,PKR
BIO-00056,Standard Selling,Nos,931978,PKR
BIO-00056,Standard Buying,Nos,1614849,PKR
BIO-00057,Standard Selling,Nos,1392490,PKR
BIO-00057,Standard Buying,Nos,1796148,PKR
BIO-00058,Standard Selling,Nos,271744,PKR
BIO-00058,Standard Buying,Nos,2419399,PKR
BIO-00059,Standard Selling,Nos,1008090,PKR
BIO-00059,Standard Buying,Nos,672044,PKR
BIO-00060,Standard Selling,Nos,148031,PKR
BIO-00060,Standard Buying,Nos,1153765,PKR
BIO-00061,Standard Selling,Nos,2400756,PKR
BIO-00061,Standard Buying,Nos,2509607,PKR
BIO-00062,Standard Selling,Nos,2509101,PKR
BIO-00062,Standard Buying,Nos,1811449,PKR
BIO-00063,Standard Selling,Nos,1318126,PKR
BIO-00063,Standard Buying,Nos,699259,PKR
BIO-00064,Standard Selling,Nos,902887,PKR
BIO-00064,Standard Buying,Nos,1443555,PKR
BIO-00065,Standard Selling,Nos,1044768,PKR
BIO-00065,Standard Buying,Nos,1653163,PKR
BIO-00066,Standard Selling,Nos,2469870,PKR
BIO-00066,Standard Buying,Nos,1090666,PKR
BIO-00067,Standard Selling,Nos,2174222,PKR
BIO-00067,Standard Buying,Nos,2369562,PKR
BIO-00068,Standard Selling,Nos,2825624,PKR
BIO-00068,Standard Buying,Nos,2932454,PKR
BIO-00069,Standard Selling,Nos,1495847,PKR
BIO-00069,Standard Buying,Nos,1139306,PKR
BIO-00070,Standard Selling,Nos,3281766,PKR
BIO-00070,Standard Buying,Nos,2109425,PKR
BIO-00071,Standard Selling,Nos,3114821,PKR
BIO-00071,Standard Buying,Nos,2751461,PKR
BIO-00072,Standard Selling,Nos,3182082,PKR
BIO-00072,Standard Buying,Nos,2117707,PKR
BIO-00073,Standard Selling,Nos,2012856,PKR
BIO-00073,Standard Buying,Nos,765623,PKR
BIO-00074,Standard Selling,Nos,3153469,PKR
BIO-00074,Standard Buying,Nos,1537133,PKR
BIO-00075,Standard Selling,Nos,789951,PKR
BIO-00075,Standard Buying,Nos,647028,PKR
BIO-00076,Standard Selling,Nos,3101213,PKR
BIO-00076,Standard Buying,Nos,2352381,PKR
BIO-00077,Standard Selling,Nos,2128147,PKR
BIO-00077,Standard Buying,Nos,831952,PKR
BIO-00078,Standard Selling,Nos,2353886,PKR
BIO-00078,Standard Buying,Nos,2751943,PKR
BIO-00079,Standard Selling,Nos,326340,PKR
BIO-00079,Standard Buying,Nos,2257582,PKR
BIO-00080,Standard Selling,Nos,221867,PKR
BIO-00080,Standard Buying,Nos,371764,PKR
BIO-00081,Standard Selling,Nos,2882699,PKR
BIO-00081,Standard Buying,Nos,263484,PKR
BIO-00082,Standard Selling,Nos,3285869,PKR
BIO-00082,Standard Buying,Nos,86775,PKR
BIO-00083,Standard Selling,Nos,1809698,PKR
BIO-00083,Standard Buying,Nos,636681,PKR
BIO-00084,Standard Selling,Nos,2725354,PKR
BIO-00084,Standard Buying,Nos,1030702,PKR
BIO-00085,Standard Selling,Nos,365078,PKR
BIO-00085,Standard Buying,Nos,693464,PKR
BIO-00086,Standard Selling,Nos,118342,PKR
BIO-00086,Standard Buying,Nos,977376,PKR
BIO-00087,Standard Selling,Nos,2201197,PKR
BIO-00087,Standard Buying,Nos,1972643,PKR
BIO-00088,Standard Selling,Nos,1645317,PKR
BIO-00088,Standard Buying,Nos,313546,PKR
BIO-00089,Standard Selling,Nos,2671388,PKR
BIO-00089,Standard Buying,Nos,2734827,PKR
BIO-00090,Standard Selling,Nos,2876572,PKR
BIO-00090,Standard Buying,Nos,2645869,PKR
BIO-00091,Standard Selling,Nos,2106705,PKR
BIO-00091,Standard Buying,Nos,2825238,PKR
BIO-00092,Standard Selling,Nos,2126209,PKR
BIO-00092,Standard Buying,Nos,125983,PKR
BIO-00093,Standard Selling,Nos,107734,PKR
BIO-00093,Standard Buying,Nos,2292260,PKR
BIO-00094,Standard Selling,Nos,2393760,PKR
BIO-00094,Standard Buying,Nos,1785278,PKR
BIO-00095,Standard Selling,Nos,129706,PKR
BIO-00095,Standard Buying,Nos,130154,PKR
BIO-00096,Standard Selling,Nos,2300538,PKR
BIO-00096,Standard Buying,Nos,1212346,PKR
BIO-00097,Standard Selling,Nos,2327048,PKR
BIO-00097,Standard Buying,Nos,1262458,PKR
BIO-00098,Standard Selling,Nos,151901,PKR
BIO-00098,Standard Buying,Nos,2166446,PKR
BIO-00099,Standard Selling,Nos,3490628,PKR
BIO-00099,Standard Buying,Nos,2987033,PKR
BIO-00100,Standard Selling,Nos,2907099,PKR
BIO-00100,Standard Buying,Nos,1865954,PKR
BIO-00101,Standard Selling,Nos,3461312,PKR
BIO-00101,Standard Buying,Nos,811899,PKR
BIO-00102,Standard Selling,Nos,528859,PKR
BIO-00102,Standard Buying,Nos,463969,PKR
BIO-00103,Standard Selling,Nos,2279431,PKR
BIO-00103,Standard Buying,Nos,684521,PKR
BIO-00104,Standard Selling,Nos,1090696,PKR
BIO-00104,Standard Buying,Nos,865021,PKR
BIO-00105,Standard Selling,Nos,2679549,PKR
BIO-00105,Standard Buying,Nos,2268116,PKR
BIO-00106,Standard Selling,Nos,1138718,PKR
BIO-00106,Standard Buying,Nos,1546633,PKR
BIO-00107,Standard Selling,Nos,1201241,PKR
BIO-00107,Standard Buying,Nos,1724704,PKR
BIO-00108,Standard Selling,Nos,411430,PKR
BIO-00108,Standard Buying,Nos,1624691,PKR
BIO-00109,Standard Selling,Nos,1783002,PKR
BIO-00109,Standard Buying,Nos,1985176,PKR
BIO-00110,Standard Selling,Nos,2449790,PKR
BIO-00110,Standard Buying,Nos,1080087,PKR
BIO-00111,Standard Selling,Nos,3004421,PKR
BIO-00111,Standard Buying,Nos,1007313,PKR
BIO-00112,Standard Selling,Nos,1338184,PKR
BIO-00112,Standard Buying,Nos,2929078,PKR
BIO-00113,Standard Selling,Nos,418131,PKR
BIO-00113,Standard Buying,Nos,2801966,PKR
BIO-00114,Standard Selling,Nos,2805854,PKR
BIO-00114,Standard Buying,Nos,192894,PKR
BIO-00115,Standard Selling,Nos,472169,PKR
BIO-00115,Standard Buying,Nos,1759860,PKR
BIO-00116,Standard Selling,Nos,1670748,PKR
BIO-00116,Standard Buying,Nos,1641963,PKR
BIO-00117,Standard Selling,Nos,2398197,PKR
BIO-00117,Standard Buying,Nos,2056510,PKR
BIO-00118,Standard Selling,Nos,315363,PKR
BIO-00118,Standard Buying,Nos,2730715,PKR
BIO-00119,Standard Selling,Nos,119636,PKR
BIO-00119,Standard Buying,Nos,778834,PKR
BIO-00120,Standard Selling,Nos,426810,PKR
BIO-00120,Standard Buying,Nos,2156558,PKR
BIO-00121,Standard Selling,Nos,1899948,PKR
BIO-00121,Standard Buying,Nos,2764937,PKR
BIO-00122,Standard Selling,Nos,3369912,PKR
BIO-00122,Standard Buying,Nos,1449449,PKR
BIO-00123,Standard Selling,Nos,2453374,PKR
BIO-00123,Standard Buying,Nos,459976,PKR
BIO-00124,Standard Selling,Nos,2295260,PKR
BIO-00124,Standard Buying,Nos,238475,PKR
BIO-00125,Standard Selling,Nos,1043710,PKR
BIO-00125,Standard Buying,Nos,946747,PKR
BIO-00126,Standard Selling,Nos,2983665,PKR
BIO-00126,Standard Buying,Nos,2437265,PKR
BIO-00127,Standard Selling,Nos,2074392,PKR
BIO-00127,Standard Buying,Nos,1197055,PKR
BIO-00128,Standard Selling,Nos,275295,PKR
BIO-00128,Standard Buying,Nos,371838,PKR
BIO-00129,Standard Selling,Nos,2950702,PKR
BIO-00129,Standard Buying,Nos,1235969,PKR
BIO-00130,Standard Selling,Nos,2357635,PKR
BIO-00130,Standard Buying,Nos,2423531,PKR
BIO-00131,Standard Selling,Nos,2840310,PKR
BIO-00131,Standard Buying,Nos,198000,PKR
BIO-00132,Standard Selling,Nos,832267,PKR
BIO-00132,Standard Buying,Nos,1379044,PKR
BIO-00133,Standard Selling,Nos,145674,PKR
BIO-00133,Standard Buying,Nos,928884,PKR
BIO-00134,Standard Selling,Nos,2542207,PKR
BIO-00134,Standard Buying,Nos,664783,PKR
BIO-00135,Standard Selling,Nos,3235183,PKR
BIO-00135,Standard Buying,Nos,1730574,PKR
BIO-00136,Standard Selling,Nos,402699,PKR
BIO-00136,Standard Buying,Nos,1315258,PKR
BIO-00137,Standard Selling,Nos,761365,PKR
BIO-00137,Standard Buying,Nos,2425412,PKR
BIO-00138,Standard Selling,Nos,1088613,PKR
BIO-00138,Standard Buying,Nos,2436894,PKR
BIO-00139,Standard Selling,Nos,1712241,PKR
BIO-00139,Standard Buying,Nos,2899690,PKR
BIO-00140,Standard Selling,Nos,2347283,PKR
BIO-00140,Standard Buying,Nos,1451375,PKR
BIO-00141,Standard Selling,Nos,1689967,PKR
BIO-00141,Standard Buying,Nos,646995,PKR
BIO-00142,Standard Selling,Nos,3395589,PKR
BIO-00142,Standard Buying,Nos,2951177,PKR
BIO-00143,Standard Selling,Nos,3117362,PKR
BIO-00143,Standard Buying,Nos,388949,PKR
BIO-00144,Standard Selling,Nos,2180477,PKR
BIO-00144,Standard Buying,Nos,1510639,PKR
BIO-00145,Standard Selling,Nos,305219,PKR
BIO-00145,Standard Buying,Nos,469723,PKR
BIO-00146,Standard Selling,Nos,1913281,PKR
BIO-00146,Standard Buying,Nos,1033682,PKR
BIO-00147,Standard Selling,Nos,398843,PKR
BIO-00147,Standard Buying,Nos,1488549,PKR
BIO-00148,Standard Selling,Nos,2618261,PKR
BIO-00148,Standard Buying,Nos,2634737,PKR
BIO-00149,Standard Selling,Nos,2578163,PKR
BIO-00149,Standard Buying,Nos,1723893,PKR
BIO-00150,Standard Selling,Nos,3324524,PKR
BIO-00150,Standard Buying,Nos,1428922,PKR
BIO-00151,Standard Selling,Nos,204259,PKR
BIO-00151,Standard Buying,Nos,2719704,PKR
BIO-00152,Standard Selling,Nos,1226416,PKR
BIO-00152,Standard Buying,Nos,1949744,PKR
BIO-00153,Standard Selling,Nos,2137740,PKR
BIO-00153,Standard Buying,Nos,1016881,PKR
BIO-00154,Standard Selling,Nos,1572380,PKR
BIO-00154,Standard Buying,Nos,2379608,PKR
BIO-00155,Standard Selling,Nos,1654654,PKR
BIO-00155,Standard Buying,Nos,1871301,PKR
BIO-00156,Standard Selling,Nos,859040,PKR
BIO-00156,Standard Buying,Nos,2910846,PKR
BIO-00157,Standard Selling,Nos,2537338,PKR
BIO-00157,Standard Buying,Nos,2831058,PKR
BIO-00158,Standard Selling,Nos,1674140,PKR
BIO-00158,Standard Buying,Nos,419427,PKR
BIO-00159,Standard Selling,Nos,3318704,PKR
BIO-00159,Standard Buying,Nos,2654663,PKR
BIO-00160,Standard Selling,Nos,1318911,PKR
BIO-00160,Standard Buying,Nos,1093685,PKR
BIO-00161,Standard Selling,Nos,3070993,PKR
BIO-00161,Standard Buying,Nos,368309,PKR
BIO-00162,Standard Selling,Nos,424092,PKR
BIO-00162,Standard Buying,Nos,1183956,PKR
BIO-00163,Standard Selling,Nos,726849,PKR
BIO-00163,Standard Buying,Nos,1653835,PKR
BIO-00164,Standard Selling,Nos,3064990,PKR
BIO-00164,Standard Buying,Nos,2718773,PKR
BIO-00165,Standard Selling,Nos,727084,PKR
BIO-00165,Standard Buying,Nos,1694193,PKR
BIO-00166,Standard Selling,Nos,1408244,PKR
BIO-00166,Standard Buying,Nos,1572886,PKR
BIO-00167,Standard Selling,Nos,526906,PKR
BIO-00167,Standard Buying,Nos,443864,PKR
BIO-00168,Standard Selling,Nos,101790,PKR
BIO-00168,Standard Buying,Nos,1352967,PKR
BIO-00169,Standard Selling,Nos,1945357,PKR
BIO-00169,Standard Buying,Nos,1569603,PKR
BIO-00170,Standard Selling,Nos,3273318,PKR
BIO-00170,Standard Buying,Nos,1191482,PKR
BIO-00171,Standard Selling,Nos,508789,PKR
BIO-00171,Standard Buying,Nos,615774,PKR
BIO-00172,Standard Selling,Nos,446151,PKR
BIO-00172,Standard Buying,Nos,845978,PKR
BIO-00173,Standard Selling,Nos,1887659,PKR
BIO-00173,Standard Buying,Nos,1942586,PKR
BIO-00174,Standard Selling,Nos,2416164,PKR
BIO-00174,Standard Buying,Nos,2386748,PKR
BIO-00175,Standard Selling,Nos,2229332,PKR
BIO-00175,Standard Buying,Nos,1771461,PKR
BIO-00176,Standard Selling,Nos,513241,PKR
BIO-00176,Standard Buying,Nos,170150,PKR
BIO-00177,Standard Selling,Nos,455888,PKR
BIO-00177,Standard Buying,Nos,1544424,PKR
BIO-00178,Standard Selling,Nos,2404566,PKR
BIO-00178,Standard Buying,Nos,450339,PKR
BIO-00179,Standard Selling,Nos,2583683,PKR
BIO-00179,Standard Buying,Nos,2568377,PKR
BIO-00180,Standard Selling,Nos,3370174,PKR
BIO-00180,Standard Buying,Nos,1420759,PKR
BIO-00181,Standard Selling,Nos,1695804,PKR
BIO-00181,Standard Buying,Nos,111760,PKR
BIO-00182,Standard Selling,Nos,1304096,PKR
BIO-00182,Standard Buying,Nos,1795645,PKR
BIO-00183,Standard Selling,Nos,1706549,PKR
BIO-00183,Standard Buying,Nos,415255,PKR
BIO-00184,Standard Selling,Nos,3120215,PKR
BIO-00184,Standard Buying,Nos,2406866,PKR
BIO-00185,Standard Selling,Nos,1098135,PKR
BIO-00185,Standard Buying,Nos,2458975,PKR
BIO-00186,Standard Selling,Nos,2265670,PKR
BIO-00186,Standard Buying,Nos,771282,PKR
BIO-00187,Standard Selling,Nos,2954423,PKR
BIO-00187,Standard Buying,Nos,1656905,PKR
BIO-00188,Standard Selling,Nos,790941,PKR
BIO-00188,Standard Buying,Nos,642337,PKR
BIO-00189,Standard Selling,Nos,1207927,PKR
BIO-00189,Standard Buying,Nos,1323036,PKR
BIO-00190,Standard Selling,Nos,1205779,PKR
BIO-00190,Standard Buying,Nos,2128311,PKR
BIO-00191,Standard Selling,Nos,692095,PKR
BIO-00191,Standard Buying,Nos,325361,PKR
BIO-00192,Standard Selling,Nos,781318,PKR
BIO-00192,Standard Buying,Nos,1883164,PKR
BIO-00193,Standard Selling,Nos,1237467,PKR
BIO-00193,Standard Buying,Nos,1826231,PKR
BIO-00194,Standard Selling,Nos,1337252,PKR
BIO-00194,Standard Buying,Nos,2091013,PKR
BIO-00195,Standard Selling,Nos,3362741,PKR
BIO-00195,Standard Buying,Nos,382631,PKR
BIO-00196,Standard Selling,Nos,1594667,PKR
BIO-00196,Standard Buying,Nos,1115705,PKR
BIO-00197,Standard Selling,Nos,1114273,PKR
BIO-00197,Standard Buying,Nos,2681581,PKR
BIO-00198,Standard Selling,Nos,2159546,PKR
BIO-00198,Standard Buying,Nos,2550604,PKR
BIO-00199,Standard Selling,Nos,2666496,PKR
BIO-00199,Standard Buying,Nos,880188,PKR
BIO-00200,Standard Selling,Nos,2000410,PKR
BIO-00200,Standard Buying,Nos,508674,PKR
SPR-00001,Standard Selling,Nos,2419,PKR
SPR-00001,Standard Buying,Nos,20116,PKR
SPR-00002,Standard Selling,Nos,310,PKR
SPR-00002,Standard Buying,Nos,26082,PKR
SPR-00003,Standard Selling,Nos,5643,PKR
SPR-00003,Standard Buying,Nos,25046,PKR
SPR-00004,Standard Selling,Nos,13373,PKR
SPR-00004,Standard Buying,Nos,21746,PKR
SPR-00005,Standard Selling,Nos,7412,PKR
SPR-00005,Standard Buying,Nos,22087,PKR
SPR-00006,Standard Selling,Nos,7255,PKR
SPR-00006,Standard Buying,Nos,39104,PKR
SPR-00007,Standard Selling,Nos,2430,PKR
SPR-00007,Standard Buying,Nos,19839,PKR
SPR-00008,Standard Selling,Nos,5453,PKR
SPR-00008,Standard Buying,Nos,39682,PKR
SPR-00009,Standard Selling,Nos,11591,PKR
SPR-00009,Standard Buying,Nos,13313,PKR
SPR-00010,Standard Selling,Nos,8048,PKR
SPR-00010,Standard Buying,Nos,20740,PKR
SPR-00011,Standard Selling,Nos,3110,PKR
SPR-00011,Standard Buying,Nos,26249,PKR
SPR-00012,Standard Selling,Nos,5428,PKR
SPR-00012,Standard Buying,Nos,19250,PKR
WC-YEL-060,Standard Selling,Nos,12240,PKR
WC-YEL-060,Standard Buying,Nos,32328,PKR
WC-YEL-120,Standard Selling,Nos,9635,PKR
WC-YEL-120,Standard Buying,Nos,16037,PKR
WC-RED-060,Standard Selling,Nos,5539,PKR
WC-RED-060,Standard Buying,Nos,24795,PKR
WC-SHP-005,Standard Selling,Nos,4792,PKR
WC-SHP-005,Standard Buying,Nos,25901,PKR
WC-SHP-010,Standard Selling,Nos,6180,PKR
WC-SHP-010,Standard Buying,Nos,7613,PKR
WC-CHM-050,Standard Selling,Nos,9438,PKR
WC-CHM-050,Standard Buying,Nos,13244,PKR
WC-BAG-050,Standard Selling,Nos,9903,PKR
WC-BAG-050,Standard Buying,Nos,35908,PKR
WC-LNR-YEL,Standard Selling,Nos,3147,PKR
WC-LNR-YEL,Standard Buying,Nos,36201,PKR
WC-LNR-RED,Standard Selling,Nos,640,PKR
WC-LNR-RED,Standard Buying,Nos,30402,PKR
PPE-GLV-NIT,Standard Buying,Box,13889,PKR
PPE-GLV-LAT,Standard Buying,Box,28884,PKR
PPE-MSK-N95,Standard Buying,Box,19242,PKR
PPE-MSK-SUR,Standard Buying,Box,4682,PKR
PPE-SHD-001,Standard Buying,Nos,26963,PKR
PPE-GOG-001,Standard Buying,Nos,32872,PKR
PPE-GWN-DIS,Standard Buying,Nos,9271,PKR
PPE-APR-HDY,Standard Buying,Nos,19996,PKR
PPE-BOT-001,Standard Buying,Pair,16011,PKR
PPE-GLV-CHM,Standard Buying,Pair,16709,PKR
INC-FUEL-DSL,Standard Buying,Ltr,10251,PKR
INC-BRK-REF,Standard Buying,Nos,27880,PKR
INC-FLT-EMI,Standard Buying,Nos,24856,PKR
INC-SNS-TMP,Standard Buying,Nos,4997,PKR
INC-BAG-ASH,Standard Buying,Nos,29580,PKR
INC-ELC-IGN,Standard Buying,Nos,39336,PKR
VPT-OIL-ENG,Standard Buying,Nos,31557,PKR
VPT-FLT-AIR,Standard Buying,Nos,38307,PKR
VPT-BRK-PAD,Standard Buying,Set,26417,PKR
VPT-TYR-195,Standard Buying,Nos,35170,PKR
VPT-BAT-12V,Standard Buying,Nos,33351,PKR
VPT-COL-005,Standard Buying,Nos,27563,PKR
VPT-WPR-SET,Standard Buying,Set,35778,PKR
VPT-TRN-FLD,Standard Buying,Nos,2559,PKR
CLN-DIS-005,Standard Buying,Nos,23712,PKR
CLN-BLC-005,Standard Buying,Nos,35336,PKR
CLN-SPL-KIT,Standard Buying,Nos,39066,PKR
CLN-SAN-SPR,Standard Buying,Nos,5719,PKR
SVC-WASTE-INFECTIOUS,Standard Selling,Kg,291,PKR
SVC-WASTE-PATHOLOGICAL,Standard Selling,Kg,434,PKR
SVC-WASTE-SHARPS,Standard Selling,Kg,543,PKR
SVC-WASTE-PHARMACEUTICAL,Standard Selling,Kg,350,PKR
SVC-WASTE-CHEMICAL,Standard Selling,Kg,225,PKR
SVC-WASTE-GENERAL,Standard Selling,Kg,756,PKR
SVC-BIO-INST,Standard Selling,Nos,174091,PKR
SVC-BIO-PMV,Standard Selling,Nos,182595,PKR
SVC-BIO-CMS,Standard Selling,Nos,174539,PKR
SVC-BIO-CAL,Standard Selling,Nos,109757,PKR
SVC-BIO-AMC,Standard Selling,Nos,202311,PKR
SVC-BIO-CMC,Standard Selling,Nos,91926,PKR
SVC-TRN-EQP,Standard Selling,Nos,620,PKR
SVC-TRN-WST,Standard Selling,Nos,288,PKR
SVC-CMP-AUD,Standard Selling,Nos,190,PKR
SVC-CMP-ENV,Standard Selling,Nos,280,PKR
SVC-CMP-CON,Standard Selling,Nos,444,PKR
SVC-INC-001,Standard Selling,Kg,407,PKR
BIO-00268,Standard Selling,Nos,2221931,PKR
BIO-00268,Standard Buying,Nos,2235995,PKR
BIO-00269,Standard Selling,Nos,2420394,PKR
BIO-00269,Standard Buying,Nos,2494870,PKR
BIO-00270,Standard Selling,Nos,2964273,PKR
BIO-00270,Standard Buying,Nos,2472712,PKR
BIO-00271,Standard Selling,Nos,1007074,PKR
BIO-00271,Standard Buying,Nos,1929730,PKR
BIO-00272,Standard Selling,Nos,1649171,PKR
BIO-00272,Standard Buying,Nos,1700535,PKR
BIO-00273,Standard Selling,Nos,2022227,PKR
BIO-00273,Standard Buying,Nos,2910262,PKR
BIO-00274,Standard Selling,Nos,2548725,PKR
BIO-00274,Standard Buying,Nos,2955903,PKR
BIO-00275,Standard Selling,Nos,2179105,PKR
BIO-00275,Standard Buying,Nos,692270,PKR
BIO-00276,Standard Selling,Nos,1526898,PKR
BIO-00276,Standard Buying,Nos,163023,PKR
BIO-00277,Standard Selling,Nos,2104888,PKR
BIO-00277,Standard Buying,Nos,498511,PKR
BIO-00278,Standard Selling,Nos,1319132,PKR
BIO-00278,Standard Buying,Nos,1804727,PKR
BIO-00279,Standard Selling,Nos,440101,PKR
BIO-00279,Standard Buying,Nos,546830,PKR
BIO-00280,Standard Selling,Nos,3142474,PKR
BIO-00280,Standard Buying,Nos,654228,PKR
BIO-00281,Standard Selling,Nos,1540996,PKR
BIO-00281,Standard Buying,Nos,1368162,PKR
BIO-00282,Standard Selling,Nos,1518925,PKR
BIO-00282,Standard Buying,Nos,1969803,PKR
BIO-00283,Standard Selling,Nos,3369466,PKR
BIO-00283,Standard Buying,Nos,927664,PKR
BIO-00284,Standard Selling,Nos,2265714,PKR
BIO-00284,Standard Buying,Nos,2085538,PKR
BIO-00285,Standard Selling,Nos,1540877,PKR
BIO-00285,Standard Buying,Nos,2057170,PKR
BIO-00286,Standard Selling,Nos,489460,PKR
BIO-00286,Standard Buying,Nos,1897801,PKR
BIO-00287,Standard Selling,Nos,3108262,PKR
BIO-00287,Standard Buying,Nos,2982436,PKR
BIO-00288,Standard Selling,Nos,1977701,PKR
BIO-00288,Standard Buying,Nos,1397603,PKR
BIO-00289,Standard Selling,Nos,361749,PKR
BIO-00289,Standard Buying,Nos,1319398,PKR
BIO-00290,Standard Selling,Nos,267414,PKR
BIO-00290,Standard Buying,Nos,542702,PKR
BIO-00291,Standard Selling,Nos,174728,PKR
BIO-00291,Standard Buying,Nos,1498973,PKR
BIO-00292,Standard Selling,Nos,2797782,PKR
BIO-00292,Standard Buying,Nos,518700,PKR
BIO-00293,Standard Selling,Nos,2920128,PKR
BIO-00293,Standard Buying,Nos,749351,PKR
BIO-00294,Standard Selling,Nos,3185838,PKR
BIO-00294,Standard Buying,Nos,1083045,PKR
BIO-00295,Standard Selling,Nos,2244235,PKR
BIO-00295,Standard Buying,Nos,791709,PKR
BIO-00296,Standard Selling,Nos,2394879,PKR
BIO-00296,Standard Buying,Nos,731657,PKR
BIO-00297,Standard Selling,Nos,1468271,PKR
BIO-00297,Standard Buying,Nos,2408176,PKR
BIO-00298,Standard Selling,Nos,1868322,PKR
BIO-00298,Standard Buying,Nos,1997995,PKR
BIO-00299,Standard Selling,Nos,1052472,PKR
BIO-00299,Standard Buying,Nos,1758892,PKR
BIO-00300,Standard Selling,Nos,2721406,PKR
BIO-00300,Standard Buying,Nos,833646,PKR
BIO-00301,Standard Selling,Nos,861763,PKR
BIO-00301,Standard Buying,Nos,2746363,PKR
BIO-00302,Standard Selling,Nos,2836949,PKR
BIO-00302,Standard Buying,Nos,1872503,PKR
BIO-00303,Standard Selling,Nos,1739192,PKR
BIO-00303,Standard Buying,Nos,182441,PKR
BIO-00304,Standard Selling,Nos,3172830,PKR
BIO-00304,Standard Buying,Nos,2635751,PKR
BIO-00305,Standard Selling,Nos,907638,PKR
BIO-00305,Standard Buying,Nos,1945654,PKR
BIO-00306,Standard Selling,Nos,2563880,PKR
BIO-00306,Standard Buying,Nos,1861675,PKR
BIO-00307,Standard Selling,Nos,1710895,PKR
BIO-00307,Standard Buying,Nos,78664,PKR
BIO-00308,Standard Selling,Nos,3035875,PKR
BIO-00308,Standard Buying,Nos,960920,PKR
BIO-00309,Standard Selling,Nos,943122,PKR
BIO-00309,Standard Buying,Nos,1227462,PKR
BIO-00310,Standard Selling,Nos,3235481,PKR
BIO-00310,Standard Buying,Nos,322411,PKR
BIO-00311,Standard Selling,Nos,2501572,PKR
BIO-00311,Standard Buying,Nos,486779,PKR
BIO-00312,Standard Selling,Nos,3433355,PKR
BIO-00312,Standard Buying,Nos,2311875,PKR
BIO-00313,Standard Selling,Nos,864166,PKR
BIO-00313,Standard Buying,Nos,1594247,PKR
BIO-00314,Standard Selling,Nos,1447279,PKR
BIO-00314,Standard Buying,Nos,886589,PKR
BIO-00315,Standard Selling,Nos,1999105,PKR
BIO-00315,Standard Buying,Nos,537961,PKR
BIO-00316,Standard Selling,Nos,1180389,PKR
BIO-00316,Standard Buying,Nos,2873125,PKR
BIO-00317,Standard Selling,Nos,2133044,PKR
BIO-00317,Standard Buying,Nos,2273397,PKR
BIO-00318,Standard Selling,Nos,2760615,PKR
BIO-00318,Standard Buying,Nos,1374512,PKR
BIO-00319,Standard Selling,Nos,2583877,PKR
BIO-00319,Standard Buying,Nos,1690071,PKR
BIO-00320,Standard Selling,Nos,2644013,PKR
BIO-00320,Standard Buying,Nos,1706448,PKR
BIO-00321,Standard Selling,Nos,2542076,PKR
BIO-00321,Standard Buying,Nos,539124,PKR
BIO-00322,Standard Selling,Nos,1539301,PKR
BIO-00322,Standard Buying,Nos,1536331,PKR
BIO-00323,Standard Selling,Nos,2000406,PKR
BIO-00323,Standard Buying,Nos,2649406,PKR
BIO-00324,Standard Selling,Nos,803632,PKR
BIO-00324,Standard Buying,Nos,2885236,PKR
BIO-00325,Standard Selling,Nos,3041129,PKR
BIO-00325,Standard Buying,Nos,1307574,PKR
BIO-00326,Standard Selling,Nos,2657334,PKR
BIO-00326,Standard Buying,Nos,2535345,PKR
BIO-00327,Standard Selling,Nos,435475,PKR
BIO-00327,Standard Buying,Nos,2879034,PKR
BIO-00328,Standard Selling,Nos,641817,PKR
BIO-00328,Standard Buying,Nos,1373596,PKR
BIO-00329,Standard Selling,Nos,574347,PKR
BIO-00329,Standard Buying,Nos,1060646,PKR
BIO-00330,Standard Selling,Nos,1360856,PKR
BIO-00330,Standard Buying,Nos,550519,PKR
BIO-00331,Standard Selling,Nos,847744,PKR
BIO-00331,Standard Buying,Nos,1625759,PKR
BIO-00332,Standard Selling,Nos,2988483,PKR
BIO-00332,Standard Buying,Nos,652900,PKR
BIO-00333,Standard Selling,Nos,2222554,PKR
BIO-00333,Standard Buying,Nos,1689333,PKR
BIO-00334,Standard Selling,Nos,1834221,PKR
BIO-00334,Standard Buying,Nos,2561591,PKR
BIO-00335,Standard Selling,Nos,658257,PKR
BIO-00335,Standard Buying,Nos,2470911,PKR
BIO-00336,Standard Selling,Nos,1689396,PKR
BIO-00336,Standard Buying,Nos,1834353,PKR
BIO-00337,Standard Selling,Nos,859107,PKR
BIO-00337,Standard Buying,Nos,2101242,PKR
BIO-00338,Standard Selling,Nos,2745487,PKR
BIO-00338,Standard Buying,Nos,2313932,PKR
BIO-00339,Standard Selling,Nos,2988468,PKR
BIO-00339,Standard Buying,Nos,2766416,PKR
BIO-00340,Standard Selling,Nos,806599,PKR
BIO-00340,Standard Buying,Nos,2387472,PKR
BIO-00341,Standard Selling,Nos,779884,PKR
BIO-00341,Standard Buying,Nos,2113707,PKR
BIO-00342,Standard Selling,Nos,1291460,PKR
BIO-00342,Standard Buying,Nos,648446,PKR
BIO-00343,Standard Selling,Nos,864748,PKR
BIO-00343,Standard Buying,Nos,1379444,PKR
BIO-00344,Standard Selling,Nos,1971635,PKR
BIO-00344,Standard Buying,Nos,2657993,PKR
BIO-00345,Standard Selling,Nos,304861,PKR
BIO-00345,Standard Buying,Nos,1565919,PKR
BIO-00346,Standard Selling,Nos,120195,PKR
BIO-00346,Standard Buying,Nos,2092597,PKR
BIO-00347,Standard Selling,Nos,652668,PKR
BIO-00347,Standard Buying,Nos,878428,PKR
BIO-00348,Standard Selling,Nos,3499263,PKR
BIO-00348,Standard Buying,Nos,1670378,PKR
BIO-00349,Standard Selling,Nos,2435445,PKR
BIO-00349,Standard Buying,Nos,2179960,PKR
BIO-00350,Standard Selling,Nos,2819173,PKR
BIO-00350,Standard Buying,Nos,2136054,PKR
BIO-00351,Standard Selling,Nos,1796033,PKR
BIO-00351,Standard Buying,Nos,2931825,PKR
BIO-00352,Standard Selling,Nos,2142447,PKR
BIO-00352,Standard Buying,Nos,1803280,PKR
BIO-00353,Standard Selling,Nos,3058552,PKR
BIO-00353,Standard Buying,Nos,1921649,PKR
BIO-00354,Standard Selling,Nos,2129754,PKR
BIO-00354,Standard Buying,Nos,761511,PKR
BIO-00355,Standard Selling,Nos,426745,PKR
BIO-00355,Standard Buying,Nos,2431450,PKR
BIO-00356,Standard Selling,Nos,209439,PKR
BIO-00356,Standard Buying,Nos,984967,PKR
BIO-00357,Standard Selling,Nos,1305113,PKR
BIO-00357,Standard Buying,Nos,197133,PKR
BIO-00358,Standard Selling,Nos,1232816,PKR
BIO-00358,Standard Buying,Nos,1003061,PKR
BIO-00359,Standard Selling,Nos,2334893,PKR
BIO-00359,Standard Buying,Nos,1270771,PKR
BIO-00360,Standard Selling,Nos,785519,PKR
BIO-00360,Standard Buying,Nos,1978144,PKR
BIO-00361,Standard Selling,Nos,2452509,PKR
BIO-00361,Standard Buying,Nos,2137494,PKR
BIO-00362,Standard Selling,Nos,2385718,PKR
BIO-00362,Standard Buying,Nos,2202475,PKR
BIO-00363,Standard Selling,Nos,554841,PKR
BIO-00363,Standard Buying,Nos,2462136,PKR
BIO-00364,Standard Selling,Nos,559017,PKR
BIO-00364,Standard Buying,Nos,1183607,PKR
BIO-00365,Standard Selling,Nos,3331059,PKR
BIO-00365,Standard Buying,Nos,2337952,PKR
BIO-00366,Standard Selling,Nos,1618729,PKR
BIO-00366,Standard Buying,Nos,2333494,PKR
BIO-00367,Standard Selling,Nos,3254191,PKR
BIO-00367,Standard Buying,Nos,234527,PKR
BIO-00368,Standard Selling,Nos,3267688,PKR
BIO-00368,Standard Buying,Nos,1911225,PKR
BIO-00369,Standard Selling,Nos,2371571,PKR
BIO-00369,Standard Buying,Nos,976631,PKR
BIO-00370,Standard Selling,Nos,1863228,PKR
BIO-00370,Standard Buying,Nos,489565,PKR
BIO-00371,Standard Selling,Nos,3166960,PKR
BIO-00371,Standard Buying,Nos,2801697,PKR
BIO-00372,Standard Selling,Nos,3231371,PKR
BIO-00372,Standard Buying,Nos,1098222,PKR
BIO-00373,Standard Selling,Nos,1328681,PKR
BIO-00373,Standard Buying,Nos,195184,PKR
BIO-00374,Standard Selling,Nos,1966314,PKR
BIO-00374,Standard Buying,Nos,1162326,PKR
BIO-00375,Standard Selling,Nos,1542037,PKR
BIO-00375,Standard Buying,Nos,424833,PKR
BIO-00376,Standard Selling,Nos,1921592,PKR
BIO-00376,Standard Buying,Nos,552352,PKR
BIO-00377,Standard Selling,Nos,3333234,PKR
BIO-00377,Standard Buying,Nos,1053823,PKR
BIO-00378,Standard Selling,Nos,960292,PKR
BIO-00378,Standard Buying,Nos,2525931,PKR
BIO-00379,Standard Selling,Nos,2970435,PKR
BIO-00379,Standard Buying,Nos,1530652,PKR
BIO-00380,Standard Selling,Nos,3061118,PKR
BIO-00380,Standard Buying,Nos,2619623,PKR
BIO-00381,Standard Selling,Nos,2734032,PKR
BIO-00381,Standard Buying,Nos,1855862,PKR
BIO-00382,Standard Selling,Nos,776177,PKR
BIO-00382,Standard Buying,Nos,2644325,PKR
BIO-00383,Standard Selling,Nos,663993,PKR
BIO-00383,Standard Buying,Nos,926625,PKR
BIO-00384,Standard Selling,Nos,3492191,PKR
BIO-00384,Standard Buying,Nos,927980,PKR
BIO-00385,Standard Selling,Nos,3458262,PKR
BIO-00385,Standard Buying,Nos,308964,PKR
BIO-00386,Standard Selling,Nos,2471065,PKR
BIO-00386,Standard Buying,Nos,1531426,PKR
BIO-00387,Standard Selling,Nos,2312547,PKR
BIO-00387,Standard Buying,Nos,1238956,PKR
BIO-00388,Standard Selling,Nos,2583402,PKR
BIO-00388,Standard Buying,Nos,2319759,PKR
BIO-00389,Standard Selling,Nos,786225,PKR
BIO-00389,Standard Buying,Nos,1417501,PKR
BIO-00390,Standard Selling,Nos,3033015,PKR
BIO-00390,Standard Buying,Nos,1287398,PKR
BIO-00391,Standard Selling,Nos,1293551,PKR
BIO-00391,Standard Buying,Nos,2462227,PKR
BIO-00392,Standard Selling,Nos,1201318,PKR
BIO-00392,Standard Buying,Nos,2217612,PKR
BIO-00393,Standard Selling,Nos,2929187,PKR
BIO-00393,Standard Buying,Nos,459403,PKR
BIO-00394,Standard Selling,Nos,648701,PKR
BIO-00394,Standard Buying,Nos,1786359,PKR
BIO-00395,Standard Selling,Nos,328663,PKR
BIO-00395,Standard Buying,Nos,1223179,PKR
BIO-00396,Standard Selling,Nos,2831028,PKR
BIO-00396,Standard Buying,Nos,592207,PKR
BIO-00397,Standard Selling,Nos,3021996,PKR
BIO-00397,Standard Buying,Nos,616545,PKR
BIO-00398,Standard Selling,Nos,1127222,PKR
BIO-00398,Standard Buying,Nos,673389,PKR
BIO-00399,Standard Selling,Nos,3063806,PKR
BIO-00399,Standard Buying,Nos,1410971,PKR
BIO-00400,Standard Selling,Nos,1118319,PKR
BIO-00400,Standard Buying,Nos,2896333,PKR
BIO-00401,Standard Selling,Nos,1727106,PKR
BIO-00401,Standard Buying,Nos,2112938,PKR
BIO-00402,Standard Selling,Nos,676311,PKR
BIO-00402,Standard Buying,Nos,2481898,PKR
BIO-00403,Standard Selling,Nos,2732486,PKR
BIO-00403,Standard Buying,Nos,1187081,PKR
BIO-00404,Standard Selling,Nos,2713237,PKR
BIO-00404,Standard Buying,Nos,1797385,PKR
BIO-00405,Standard Selling,Nos,1653586,PKR
BIO-00405,Standard Buying,Nos,1955790,PKR
BIO-00406,Standard Selling,Nos,396738,PKR
BIO-00406,Standard Buying,Nos,2717627,PKR
BIO-00407,Standard Selling,Nos,3412788,PKR
BIO-00407,Standard Buying,Nos,450467,PKR
BIO-00408,Standard Selling,Nos,1769678,PKR
BIO-00408,Standard Buying,Nos,2222639,PKR
BIO-00409,Standard Selling,Nos,3224899,PKR
BIO-00409,Standard Buying,Nos,1226963,PKR
BIO-00410,Standard Selling,Nos,2993798,PKR
BIO-00410,Standard Buying,Nos,1607996,PKR
BIO-00411,Standard Selling,Nos,1987131,PKR
BIO-00411,Standard Buying,Nos,2107006,PKR
BIO-00412,Standard Selling,Nos,1452750,PKR
BIO-00412,Standard Buying,Nos,2500898,PKR
BIO-00413,Standard Selling,Nos,90372,PKR
BIO-00413,Standard Buying,Nos,450664,PKR
BIO-00414,Standard Selling,Nos,3145750,PKR
BIO-00414,Standard Buying,Nos,1982875,PKR
BIO-00415,Standard Selling,Nos,2742714,PKR
BIO-00415,Standard Buying,Nos,2845621,PKR
BIO-00416,Standard Selling,Nos,3004641,PKR
BIO-00416,Standard Buying,Nos,1562495,PKR
BIO-00417,Standard Selling,Nos,345628,PKR
BIO-00417,Standard Buying,Nos,2301538,PKR
BIO-00418,Standard Selling,Nos,1748141,PKR
BIO-00418,Standard Buying,Nos,973644,PKR
BIO-00419,Standard Selling,Nos,1882053,PKR
BIO-00419,Standard Buying,Nos,948569,PKR
BIO-00420,Standard Selling,Nos,2154984,PKR
BIO-00420,Standard Buying,Nos,1186325,PKR
BIO-00421,Standard Selling,Nos,1434194,PKR
BIO-00421,Standard Buying,Nos,1249475,PKR
BIO-00422,Standard Selling,Nos,1496647,PKR
BIO-00422,Standard Buying,Nos,2355586,PKR
BIO-00423,Standard Selling,Nos,2504029,PKR
BIO-00423,Standard Buying,Nos,607751,PKR
BIO-00424,Standard Selling,Nos,2454572,PKR
BIO-00424,Standard Buying,Nos,2095654,PKR
BIO-00425,Standard Selling,Nos,3386385,PKR
BIO-00425,Standard Buying,Nos,1501748,PKR
BIO-00426,Standard Selling,Nos,2942830,PKR
BIO-00426,Standard Buying,Nos,263043,PKR
BIO-00427,Standard Selling,Nos,272698,PKR
BIO-00427,Standard Buying,Nos,477646,PKR
BIO-00428,Standard Selling,Nos,2706387,PKR
BIO-00428,Standard Buying,Nos,1987625,PKR
BIO-00429,Standard Selling,Nos,148288,PKR
BIO-00429,Standard Buying,Nos,581088,PKR
BIO-00430,Standard Selling,Nos,742630,PKR
BIO-00430,Standard Buying,Nos,1910887,PKR
BIO-00431,Standard Selling,Nos,1994775,PKR
BIO-00431,Standard Buying,Nos,62835,PKR
BIO-00432,Standard Selling,Nos,1874320,PKR
BIO-00432,Standard Buying,Nos,908584,PKR
BIO-00433,Standard Selling,Nos,2968163,PKR
BIO-00433,Standard Buying,Nos,613283,PKR
BIO-00434,Standard Selling,Nos,2806285,PKR
BIO-00434,Standard Buying,Nos,1326115,PKR
BIO-00435,Standard Selling,Nos,746799,PKR
BIO-00435,Standard Buying,Nos,1209320,PKR
BIO-00436,Standard Selling,Nos,471496,PKR
BIO-00436,Standard Buying,Nos,2805540,PKR
BIO-00437,Standard Selling,Nos,1591775,PKR
BIO-00437,Standard Buying,Nos,1110208,PKR
BIO-00438,Standard Selling,Nos,425696,PKR
BIO-00438,Standard Buying,Nos,1619625,PKR
BIO-00439,Standard Selling,Nos,2867151,PKR
BIO-00439,Standard Buying,Nos,2781730,PKR
BIO-00440,Standard Selling,Nos,774262,PKR
BIO-00440,Standard Buying,Nos,277211,PKR
BIO-00441,Standard Selling,Nos,1742377,PKR
BIO-00441,Standard Buying,Nos,2683974,PKR
BIO-00442,Standard Selling,Nos,1361398,PKR
BIO-00442,Standard Buying,Nos,2993669,PKR
BIO-00443,Standard Selling,Nos,3247673,PKR
BIO-00443,Standard Buying,Nos,1042070,PKR
BIO-00444,Standard Selling,Nos,1880325,PKR
BIO-00444,Standard Buying,Nos,2809304,PKR
BIO-00445,Standard Selling,Nos,462517,PKR
BIO-00445,Standard Buying,Nos,459229,PKR
BIO-00446,Standard Selling,Nos,84556,PKR
BIO-00446,Standard Buying,Nos,955153,PKR
BIO-00447,Standard Selling,Nos,2079872,PKR
BIO-00447,Standard Buying,Nos,386898,PKR
BIO-00448,Standard Selling,Nos,636583,PKR
BIO-00448,Standard Buying,Nos,2550072,PKR
BIO-00449,Standard Selling,Nos,1028713,PKR
BIO-00449,Standard Buying,Nos,2238707,PKR
BIO-00450,Standard Selling,Nos,2932054,PKR
BIO-00450,Standard Buying,Nos,1926745,PKR
BIO-00451,Standard Selling,Nos,118952,PKR
BIO-00451,Standard Buying,Nos,93816,PKR
BIO-00452,Standard Selling,Nos,2997545,PKR
BIO-00452,Standard Buying,Nos,1501054,PKR
BIO-00453,Standard Selling,Nos,585806,PKR
BIO-00453,Standard Buying,Nos,1831313,PKR
BIO-00454,Standard Selling,Nos,2990977,PKR
BIO-00454,Standard Buying,Nos,614382,PKR
BIO-00455,Standard Selling,Nos,2083620,PKR
BIO-00455,Standard Buying,Nos,357075,PKR
BIO-00456,Standard Selling,Nos,1040272,PKR
BIO-00456,Standard Buying,Nos,1666711,PKR
BIO-00457,Standard Selling,Nos,454681,PKR
BIO-00457,Standard Buying,Nos,489610,PKR
BIO-00458,Standard Selling,Nos,512858,PKR
BIO-00458,Standard Buying,Nos,1374291,PKR
BIO-00459,Standard Selling,Nos,1621665,PKR
BIO-00459,Standard Buying,Nos,1315167,PKR
BIO-00460,Standard Selling,Nos,655161,PKR
BIO-00460,Standard Buying,Nos,1665248,PKR
BIO-00461,Standard Selling,Nos,3324128,PKR
BIO-00461,Standard Buying,Nos,618455,PKR
BIO-00462,Standard Selling,Nos,2770965,PKR
BIO-00462,Standard Buying,Nos,2900118,PKR
BIO-00463,Standard Selling,Nos,679169,PKR
BIO-00463,Standard Buying,Nos,346939,PKR
BIO-00464,Standard Selling,Nos,2305112,PKR
BIO-00464,Standard Buying,Nos,2422614,PKR
BIO-00465,Standard Selling,Nos,115545,PKR
BIO-00465,Standard Buying,Nos,2619864,PKR
BIO-00466,Standard Selling,Nos,2806382,PKR
BIO-00466,Standard Buying,Nos,748354,PKR
BIO-00467,Standard Selling,Nos,1925910,PKR
BIO-00467,Standard Buying,Nos,1532988,PKR
BIO-00468,Standard Selling,Nos,3110099,PKR
BIO-00468,Standard Buying,Nos,953619,PKR
BIO-00469,Standard Selling,Nos,2714358,PKR
BIO-00469,Standard Buying,Nos,694909,PKR
BIO-00470,Standard Selling,Nos,1806836,PKR
BIO-00470,Standard Buying,Nos,2644010,PKR
BIO-00471,Standard Selling,Nos,2959667,PKR
BIO-00471,Standard Buying,Nos,1915492,PKR
BIO-00472,Standard Selling,Nos,991190,PKR
BIO-00472,Standard Buying,Nos,423595,PKR
BIO-00473,Standard Selling,Nos,501381,PKR
BIO-00473,Standard Buying,Nos,647257,PKR
BIO-00474,Standard Selling,Nos,3235985,PKR
BIO-00474,Standard Buying,Nos,576558,PKR
BIO-00475,Standard Selling,Nos,2552852,PKR
BIO-00475,Standard Buying,Nos,1670746,PKR
BIO-00476,Standard Selling,Nos,1554447,PKR
BIO-00476,Standard Buying,Nos,1860986,PKR
BIO-00477,Standard Selling,Nos,1399123,PKR
BIO-00477,Standard Buying,Nos,646490,PKR
BIO-00478,Standard Selling,Nos,1119291,PKR
BIO-00478,Standard Buying,Nos,1221686,PKR
BIO-00479,Standard Selling,Nos,2783734,PKR
BIO-00479,Standard Buying,Nos,413364,PKR
BIO-00480,Standard Selling,Nos,1120887,PKR
BIO-00480,Standard Buying,Nos,2381113,PKR
BIO-00481,Standard Selling,Nos,2600772,PKR
BIO-00481,Standard Buying,Nos,2576615,PKR
BIO-00482,Standard Selling,Nos,3104846,PKR
BIO-00482,Standard Buying,Nos,2608430,PKR
BIO-00483,Standard Selling,Nos,1275044,PKR
BIO-00483,Standard Buying,Nos,2956066,PKR
BIO-00484,Standard Selling,Nos,192509,PKR
BIO-00484,Standard Buying,Nos,2821552,PKR
BIO-00485,Standard Selling,Nos,1345209,PKR
BIO-00485,Standard Buying,Nos,921701,PKR
BIO-00486,Standard Selling,Nos,2251597,PKR
BIO-00486,Standard Buying,Nos,2605635,PKR
BIO-00487,Standard Selling,Nos,2217092,PKR
BIO-00487,Standard Buying,Nos,851240,PKR
BIO-00488,Standard Selling,Nos,3216683,PKR
BIO-00488,Standard Buying,Nos,1703122,PKR
BIO-00489,Standard Selling,Nos,1319593,PKR
BIO-00489,Standard Buying,Nos,2770232,PKR
BIO-00490,Standard Selling,Nos,308879,PKR
BIO-00490,Standard Buying,Nos,1063869,PKR
BIO-00491,Standard Selling,Nos,2155709,PKR
BIO-00491,Standard Buying,Nos,1678521,PKR
BIO-00492,Standard Selling,Nos,552881,PKR
BIO-00492,Standard Buying,Nos,1071170,PKR
BIO-00493,Standard Selling,Nos,2175401,PKR
BIO-00493,Standard Buying,Nos,2736311,PKR
BIO-00494,Standard Selling,Nos,2571122,PKR
BIO-00494,Standard Buying,Nos,357845,PKR
BIO-00495,Standard Selling,Nos,2295794,PKR
BIO-00495,Standard Buying,Nos,110612,PKR
BIO-00496,Standard Selling,Nos,1594555,PKR
BIO-00496,Standard Buying,Nos,1387382,PKR
BIO-00497,Standard Selling,Nos,633576,PKR
BIO-00497,Standard Buying,Nos,1682517,PKR
BIO-00498,Standard Selling,Nos,2463960,PKR
BIO-00498,Standard Buying,Nos,1825229,PKR
BIO-00499,Standard Selling,Nos,1612650,PKR
BIO-00499,Standard Buying,Nos,2351584,PKR
BIO-00500,Standard Selling,Nos,2944466,PKR
BIO-00500,Standard Buying,Nos,784651,PKR
