parent,parenttype,parentfield,item_code,qty,uom,warehouse,schedule_date
MR-DEMO-000001,Material Request,items,BIO-00147,4,Nos,Central Warehouse - ENXI,2023-03-11
MR-DEMO-000001,Material Request,items,BIO-00345,1,Nos,Central Warehouse - ENXI,2023-03-10
MR-DEMO-000002,Material Request,items,BIO-00257,4,Nos,Central Warehouse - ENXI,2023-03-13
MR-DEMO-000002,Material Request,items,BIO-00215,14,Nos,Central Warehouse - ENXI,2023-03-18
MR-DEMO-000002,Material Request,items,BIO-00392,14,Nos,Central Warehouse - ENXI,2023-03-13
MR-DEMO-000002,Material Request,items,BIO-00098,10,Nos,Central Warehouse - ENXI,2023-03-22
MR-DEMO-000003,Material Request,items,BIO-00240,15,Nos,Central Warehouse - ENXI,2023-03-22
MR-DEMO-000003,Material Request,items,BIO-00159,3,Nos,Central Warehouse - ENXI,2023-03-25
MR-DEMO-000003,Material Request,items,BIO-00166,19,Nos,Central Warehouse - ENXI,2023-03-15
MR-DEMO-000004,Material Request,items,BIO-00267,11,Nos,Central Warehouse - ENXI,2023-03-20
MR-DEMO-000005,Material Request,items,BIO-00454,20,Nos,Central Warehouse - ENXI,2023-03-27
MR-DEMO-000005,Material Request,items,BIO-00445,16,Nos,Central Warehouse - ENXI,2023-03-29
MR-DEMO-000005,Material Request,items,BIO-00417,12,Nos,Central Warehouse - ENXI,2023-03-20
MR-DEMO-000005,Material Request,items,BIO-00213,4,Nos,Central Warehouse - ENXI,2023-03-23
MR-DEMO-000006,Material Request,items,BIO-00217,18,Nos,Central Warehouse - ENXI,2023-03-21
MR-DEMO-000007,Material Request,items,BIO-00174,4,Nos,Central Warehouse - ENXI,2023-03-20
MR-DEMO-000008,Material Request,items,BIO-00382,9,Nos,Central Warehouse - ENXI,2023-03-23
MR-DEMO-000008,Material Request,items,BIO-00092,10,Nos,Central Warehouse - ENXI,2023-04-02
MR-DEMO-000009,Material Request,items,BIO-00168,14,Nos,Central Warehouse - ENXI,2023-03-31
MR-DEMO-000009,Material Request,items,BIO-00123,3,Nos,Central Warehouse - ENXI,2023-04-03
MR-DEMO-000009,Material Request,items,BIO-00116,15,Nos,Central Warehouse - ENXI,2023-03-25
MR-DEMO-000010,Material Request,items,BIO-00059,19,Nos,Central Warehouse - ENXI,2023-03-27
MR-DEMO-000010,Material Request,items,BIO-00361,14,Nos,Central Warehouse - ENXI,2023-04-02
MR-DEMO-000010,Material Request,items,BIO-00317,11,Nos,Central Warehouse - ENXI,2023-03-31
MR-DEMO-000011,Material Request,items,BIO-00289,12,Nos,Central Warehouse - ENXI,2023-04-03
MR-DEMO-000012,Material Request,items,BIO-00142,1,Nos,Central Warehouse - ENXI,2023-03-30
MR-DEMO-000012,Material Request,items,BIO-00344,3,Nos,Central Warehouse - ENXI,2023-04-05
MR-DEMO-000013,Material Request,items,PPE-026,13,Nos,Central Warehouse - ENXI,2023-04-01
MR-DEMO-000013,Material Request,items,BIO-00117,2,Nos,Central Warehouse - ENXI,2023-04-01
MR-DEMO-000013,Material Request,items,BIO-00065,5,Nos,Central Warehouse - ENXI,2023-04-07
MR-DEMO-000013,Material Request,items,BIO-00121,18,Nos,Central Warehouse - ENXI,2023-04-03
MR-DEMO-000014,Material Request,items,BIO-00244,6,Nos,Central Warehouse - ENXI,2023-03-31
MR-DEMO-000015,Material Request,items,BIO-00312,13,Nos,Central Warehouse - ENXI,2023-04-08
MR-DEMO-000015,Material Request,items,BIO-00441,14,Nos,Central Warehouse - ENXI,2023-04-07
MR-DEMO-000015,Material Request,items,CNT-018,1,Nos,Central Warehouse - ENXI,2023-04-04
MR-DEMO-000015,Material Request,items,BIO-00303,3,Nos,Central Warehouse - ENXI,2023-04-13
MR-DEMO-000016,Material Request,items,BIO-00160,5,Nos,Central Warehouse - ENXI,2023-04-11
MR-DEMO-000016,Material Request,items,BIO-00382,2,Nos,Central Warehouse - ENXI,2023-04-16
MR-DEMO-000016,Material Request,items,BIO-00236,18,Nos,Central Warehouse - ENXI,2023-04-07
MR-DEMO-000017,Material Request,items,BIO-00227,9,Nos,Central Warehouse - ENXI,2023-04-10
MR-DEMO-000018,Material Request,items,BIO-00167,3,Nos,Central Warehouse - ENXI,2023-04-10
MR-DEMO-000018,Material Request,items,BIO-00141,16,Nos,Central Warehouse - ENXI,2023-04-14
MR-DEMO-000019,Material Request,items,BIO-00235,5,Nos,Central Warehouse - ENXI,2023-04-13
MR-DEMO-000019,Material Request,items,BIO-00397,17,Nos,Central Warehouse - ENXI,2023-04-11
MR-DEMO-000019,Material Request,items,BIO-00076,8,Nos,Central Warehouse - ENXI,2023-04-09
MR-DEMO-000019,Material Request,items,BIO-00341,14,Nos,Central Warehouse - ENXI,2023-04-13
MR-DEMO-000020,Material Request,items,BIO-00419,3,Nos,Central Warehouse - ENXI,2023-04-16
MR-DEMO-000021,Material Request,items,SPR-040,8,Nos,Central Warehouse - ENXI,2023-04-25
MR-DEMO-000021,Material Request,items,BIO-00425,20,Nos,Central Warehouse - ENXI,2023-04-22
MR-DEMO-000021,Material Request,items,BIO-00062,11,Nos,Central Warehouse - ENXI,2023-04-26
MR-DEMO-000021,Material Request,items,BIO-00088,8,Nos,Central Warehouse - ENXI,2023-04-21
MR-DEMO-000022,Material Request,items,BIO-00175,5,Nos,Central Warehouse - ENXI,2023-04-27
MR-DEMO-000022,Material Request,items,BIO-00444,16,Nos,Central Warehouse - ENXI,2023-04-30
MR-DEMO-000022,Material Request,items,BIO-00229,9,Nos,Central Warehouse - ENXI,2023-05-01
MR-DEMO-000022,Material Request,items,BIO-00108,8,Nos,Central Warehouse - ENXI,2023-04-27
MR-DEMO-000023,Material Request,items,CNT-016,14,Nos,Central Warehouse - ENXI,2023-05-02
MR-DEMO-000023,Material Request,items,BIO-00410,11,Nos,Central Warehouse - ENXI,2023-05-12
MR-DEMO-000023,Material Request,items,BIO-00432,10,Nos,Central Warehouse - ENXI,2023-05-03
MR-DEMO-000024,Material Request,items,BIO-00255,4,Nos,Central Warehouse - ENXI,2023-05-09
MR-DEMO-000024,Material Request,items,BIO-00340,10,Nos,Central Warehouse - ENXI,2023-05-16
MR-DEMO-000025,Material Request,items,BIO-00335,4,Nos,Central Warehouse - ENXI,2023-05-17
MR-DEMO-000025,Material Request,items,CNT-018,16,Nos,Central Warehouse - ENXI,2023-05-15
MR-DEMO-000026,Material Request,items,BIO-00339,16,Nos,Central Warehouse - ENXI,2023-05-16
MR-DEMO-000027,Material Request,items,BIO-00243,13,Nos,Central Warehouse - ENXI,2023-05-09
MR-DEMO-000027,Material Request,items,BIO-00069,18,Nos,Central Warehouse - ENXI,2023-05-17
MR-DEMO-000027,Material Request,items,BIO-00128,1,Nos,Central Warehouse - ENXI,2023-05-13
MR-DEMO-000028,Material Request,items,BIO-00336,9,Nos,Central Warehouse - ENXI,2023-05-20
MR-DEMO-000028,Material Request,items,BIO-00157,16,Nos,Central Warehouse - ENXI,2023-05-14
MR-DEMO-000028,Material Request,items,BIO-00440,16,Nos,Central Warehouse - ENXI,2023-05-13
MR-DEMO-000029,Material Request,items,BIO-00202,20,Nos,Central Warehouse - ENXI,2023-05-26
MR-DEMO-000029,Material Request,items,BIO-00139,14,Nos,Central Warehouse - ENXI,2023-05-28
MR-DEMO-000030,Material Request,items,BIO-00352,14,Nos,Central Warehouse - ENXI,2023-05-27
MR-DEMO-000031,Material Request,items,BIO-00440,8,Nos,Central Warehouse - ENXI,2023-05-21
MR-DEMO-000031,Material Request,items,BIO-00352,16,Nos,Central Warehouse - ENXI,2023-05-25
MR-DEMO-000031,Material Request,items,CLN-036,9,Nos,Central Warehouse - ENXI,2023-05-20
MR-DEMO-000032,Material Request,items,PPE-021,3,Box,Central Warehouse - ENXI,2023-06-02
MR-DEMO-000032,Material Request,items,BIO-00071,17,Nos,Central Warehouse - ENXI,2023-05-27
MR-DEMO-000032,Material Request,items,BIO-00330,13,Nos,Central Warehouse - ENXI,2023-05-30
MR-DEMO-000032,Material Request,items,BIO-00305,15,Nos,Central Warehouse - ENXI,2023-05-26
MR-DEMO-000033,Material Request,items,BIO-00098,19,Nos,Central Warehouse - ENXI,2023-05-24
MR-DEMO-000033,Material Request,items,BIO-00179,12,Nos,Central Warehouse - ENXI,2023-05-24
MR-DEMO-000033,Material Request,items,BIO-00318,12,Nos,Central Warehouse - ENXI,2023-05-31
MR-DEMO-000034,Material Request,items,BIO-00283,9,Nos,Central Warehouse - ENXI,2023-06-03
MR-DEMO-000035,Material Request,items,BIO-00215,17,Nos,Central Warehouse - ENXI,2023-05-28
MR-DEMO-000035,Material Request,items,BIO-00215,7,Nos,Central Warehouse - ENXI,2023-06-08
MR-DEMO-000035,Material Request,items,BIO-00322,20,Nos,Central Warehouse - ENXI,2023-06-07
MR-DEMO-000035,Material Request,items,BIO-00100,10,Nos,Central Warehouse - ENXI,2023-05-29
MR-DEMO-000036,Material Request,items,BIO-00058,20,Nos,Central Warehouse - ENXI,2023-06-05
MR-DEMO-000037,Material Request,items,BIO-00102,16,Nos,Central Warehouse - ENXI,2023-06-14
MR-DEMO-000037,Material Request,items,BIO-00342,20,Nos,Central Warehouse - ENXI,2023-06-06
MR-DEMO-000037,Material Request,items,BIO-00273,18,Nos,Central Warehouse - ENXI,2023-06-17
MR-DEMO-000037,Material Request,items,BIO-00393,2,Nos,Central Warehouse - ENXI,2023-06-12
MR-DEMO-000038,Material Request,items,BIO-00402,4,Nos,Central Warehouse - ENXI,2023-06-13
MR-DEMO-000039,Material Request,items,BIO-00310,11,Nos,Central Warehouse - ENXI,2023-06-22
MR-DEMO-000039,Material Request,items,BIO-00083,18,Nos,Central Warehouse - ENXI,2023-06-15
MR-DEMO-000039,Material Request,items,BIO-00410,6,Nos,Central Warehouse - ENXI,2023-06-16
MR-DEMO-000039,Material Request,items,BIO-00135,3,Nos,Central Warehouse - ENXI,2023-06-15
MR-DEMO-000040,Material Request,items,BIO-00267,5,Nos,Central Warehouse - ENXI,2023-06-23
MR-DEMO-000040,Material Request,items,CNT-013,7,Nos,Central Warehouse - ENXI,2023-06-26
MR-DEMO-000040,Material Request,items,BIO-00447,12,Nos,Central Warehouse - ENXI,2023-06-24
MR-DEMO-000040,Material Request,items,BIO-00075,14,Nos,Central Warehouse - ENXI,2023-06-20
MR-DEMO-000041,Material Request,items,BIO-00145,3,Nos,Central Warehouse - ENXI,2023-06-21
MR-DEMO-000042,Material Request,items,BIO-00346,16,Nos,Central Warehouse - ENXI,2023-06-22
MR-DEMO-000042,Material Request,items,BIO-00085,7,Nos,Central Warehouse - ENXI,2023-06-24
MR-DEMO-000042,Material Request,items,BIO-00345,16,Nos,Central Warehouse - ENXI,2023-06-22
MR-DEMO-000042,Material Request,items,BIO-00370,16,Nos,Central Warehouse - ENXI,2023-06-23
MR-DEMO-000043,Material Request,items,BIO-00381,5,Nos,Central Warehouse - ENXI,2023-06-22
MR-DEMO-000043,Material Request,items,BIO-00323,9,Nos,Central Warehouse - ENXI,2023-06-24
MR-DEMO-000043,Material Request,items,PPE-029,15,Nos,Central Warehouse - ENXI,2023-07-01
MR-DEMO-000044,Material Request,items,BIO-00069,12,Nos,Central Warehouse - ENXI,2023-07-03
MR-DEMO-000044,Material Request,items,BIO-00272,15,Nos,Central Warehouse - ENXI,2023-06-24
MR-DEMO-000044,Material Request,items,BIO-00328,20,Nos,Central Warehouse - ENXI,2023-06-27
MR-DEMO-000045,Material Request,items,BIO-00452,11,Nos,Central Warehouse - ENXI,2023-07-02
MR-DEMO-000046,Material Request,items,BIO-00127,1,Nos,Central Warehouse - ENXI,2023-07-08
MR-DEMO-000046,Material Request,items,BIO-00198,12,Nos,Central Warehouse - ENXI,2023-07-10
MR-DEMO-000046,Material Request,items,BIO-00446,18,Nos,Central Warehouse - ENXI,2023-07-06
MR-DEMO-000047,Material Request,items,BIO-00214,10,Nos,Central Warehouse - ENXI,2023-07-11
MR-DEMO-000047,Material Request,items,BIO-00413,6,Nos,Central Warehouse - ENXI,2023-07-08
MR-DEMO-000048,Material Request,items,BIO-00244,5,Nos,Central Warehouse - ENXI,2023-07-07
MR-DEMO-000048,Material Request,items,BIO-00278,4,Nos,Central Warehouse - ENXI,2023-07-10
MR-DEMO-000048,Material Request,items,BIO-00360,3,Nos,Central Warehouse - ENXI,2023-07-06
MR-DEMO-000049,Material Request,items,BIO-00134,11,Nos,Central Warehouse - ENXI,2023-07-06
MR-DEMO-000050,Material Request,items,BIO-00134,7,Nos,Central Warehouse - ENXI,2023-07-08
MR-DEMO-000051,Material Request,items,BIO-00180,7,Nos,Central Warehouse - ENXI,2023-07-16
MR-DEMO-000051,Material Request,items,BIO-00403,2,Nos,Central Warehouse - ENXI,2023-07-13
MR-DEMO-000051,Material Request,items,BIO-00145,13,Nos,Central Warehouse - ENXI,2023-07-20
MR-DEMO-000051,Material Request,items,BIO-00154,17,Nos,Central Warehouse - ENXI,2023-07-15
MR-DEMO-000052,Material Request,items,BIO-00099,7,Nos,Central Warehouse - ENXI,2023-07-14
MR-DEMO-000053,Material Request,items,BIO-00128,6,Nos,Central Warehouse - ENXI,2023-07-13
MR-DEMO-000053,Material Request,items,BIO-00297,16,Nos,Central Warehouse - ENXI,2023-07-16
MR-DEMO-000054,Material Request,items,SPR-042,19,Nos,Central Warehouse - ENXI,2023-07-19
MR-DEMO-000054,Material Request,items,BIO-00118,19,Nos,Central Warehouse - ENXI,2023-07-16
MR-DEMO-000054,Material Request,items,BIO-00139,16,Nos,Central Warehouse - ENXI,2023-07-15
MR-DEMO-000054,Material Request,items,BIO-00281,12,Nos,Central Warehouse - ENXI,2023-07-23
MR-DEMO-000055,Material Request,items,BIO-00257,20,Nos,Central Warehouse - ENXI,2023-07-31
MR-DEMO-000055,Material Request,items,BIO-00075,8,Nos,Central Warehouse - ENXI,2023-07-30
MR-DEMO-000056,Material Request,items,BIO-00083,13,Nos,Central Warehouse - ENXI,2023-08-08
MR-DEMO-000056,Material Request,items,SPR-039,17,Set,Central Warehouse - ENXI,2023-07-29
MR-DEMO-000057,Material Request,items,BIO-00240,3,Nos,Central Warehouse - ENXI,2023-08-04
MR-DEMO-000057,Material Request,items,BIO-00066,20,Nos,Central Warehouse - ENXI,2023-08-02
MR-DEMO-000058,Material Request,items,BIO-00150,20,Nos,Central Warehouse - ENXI,2023-08-08
MR-DEMO-000058,Material Request,items,BIO-00298,8,Nos,Central Warehouse - ENXI,2023-08-08
MR-DEMO-000058,Material Request,items,CNT-013,7,Nos,Central Warehouse - ENXI,2023-08-07
MR-DEMO-000059,Material Request,items,BIO-00391,8,Nos,Central Warehouse - ENXI,2023-08-09
MR-DEMO-000059,Material Request,items,BIO-00075,4,Nos,Central Warehouse - ENXI,2023-08-04
MR-DEMO-000059,Material Request,items,BIO-00418,7,Nos,Central Warehouse - ENXI,2023-08-08
MR-DEMO-000059,Material Request,items,SPR-043,9,Nos,Central Warehouse - ENXI,2023-08-10
MR-DEMO-000060,Material Request,items,BIO-00168,12,Nos,Central Warehouse - ENXI,2023-08-10
MR-DEMO-000060,Material Request,items,BIO-00169,1,Nos,Central Warehouse - ENXI,2023-08-12
MR-DEMO-000061,Material Request,items,BIO-00176,8,Nos,Central Warehouse - ENXI,2023-08-14
MR-DEMO-000062,Material Request,items,BIO-00449,7,Nos,Central Warehouse - ENXI,2023-08-13
MR-DEMO-000062,Material Request,items,BIO-00294,4,Nos,Central Warehouse - ENXI,2023-08-19
MR-DEMO-000063,Material Request,items,BIO-00353,18,Nos,Central Warehouse - ENXI,2023-08-12
MR-DEMO-000064,Material Request,items,BIO-00276,11,Nos,Central Warehouse - ENXI,2023-08-20
MR-DEMO-000064,Material Request,items,BIO-00424,5,Nos,Central Warehouse - ENXI,2023-08-31
MR-DEMO-000065,Material Request,items,BIO-00258,19,Nos,Central Warehouse - ENXI,2023-08-29
MR-DEMO-000065,Material Request,items,BIO-00403,6,Nos,Central Warehouse - ENXI,2023-08-26
MR-DEMO-000065,Material Request,items,BIO-00275,16,Nos,Central Warehouse - ENXI,2023-09-01
MR-DEMO-000065,Material Request,items,BIO-00193,8,Nos,Central Warehouse - ENXI,2023-08-28
MR-DEMO-000066,Material Request,items,BIO-00406,10,Nos,Central Warehouse - ENXI,2023-08-24
MR-DEMO-000066,Material Request,items,BIO-00176,8,Nos,Central Warehouse - ENXI,2023-08-26
MR-DEMO-000066,Material Request,items,BIO-00392,2,Nos,Central Warehouse - ENXI,2023-08-30
MR-DEMO-000066,Material Request,items,BIO-00407,1,Nos,Central Warehouse - ENXI,2023-08-29
MR-DEMO-000067,Material Request,items,SPR-043,13,Nos,Central Warehouse - ENXI,2023-08-28
MR-DEMO-000067,Material Request,items,BIO-00403,8,Nos,Central Warehouse - ENXI,2023-08-26
MR-DEMO-000067,Material Request,items,BIO-00063,19,Nos,Central Warehouse - ENXI,2023-08-26
MR-DEMO-000067,Material Request,items,BIO-00379,14,Nos,Central Warehouse - ENXI,2023-09-05
MR-DEMO-000068,Material Request,items,BIO-00184,8,Nos,Central Warehouse - ENXI,2023-08-26
MR-DEMO-000068,Material Request,items,BIO-00316,8,Nos,Central Warehouse - ENXI,2023-09-02
MR-DEMO-000068,Material Request,items,BIO-00117,4,Nos,Central Warehouse - ENXI,2023-08-29
MR-DEMO-000069,Material Request,items,BIO-00129,16,Nos,Central Warehouse - ENXI,2023-09-03
MR-DEMO-000070,Material Request,items,CNT-016,7,Nos,Central Warehouse - ENXI,2023-09-04
MR-DEMO-000070,Material Request,items,BIO-00304,7,Nos,Central Warehouse - ENXI,2023-08-28
MR-DEMO-000070,Material Request,items,BIO-00224,4,Nos,Central Warehouse - ENXI,2023-09-05
MR-DEMO-000070,Material Request,items,BIO-00309,5,Nos,Central Warehouse - ENXI,2023-08-28
MR-DEMO-000071,Material Request,items,BIO-00276,5,Nos,Central Warehouse - ENXI,2023-08-29
MR-DEMO-000071,Material Request,items,BIO-00256,5,Nos,Central Warehouse - ENXI,2023-08-30
MR-DEMO-000071,Material Request,items,BIO-00212,6,Nos,Central Warehouse - ENXI,2023-09-02
MR-DEMO-000072,Material Request,items,BIO-00077,10,Nos,Central Warehouse - ENXI,2023-09-06
MR-DEMO-000072,Material Request,items,BIO-00298,9,Nos,Central Warehouse - ENXI,2023-09-07
MR-DEMO-000072,Material Request,items,BIO-00136,5,Nos,Central Warehouse - ENXI,2023-09-05
MR-DEMO-000073,Material Request,items,BIO-00180,5,Nos,Central Warehouse - ENXI,2023-09-14
MR-DEMO-000073,Material Request,items,BIO-00350,20,Nos,Central Warehouse - ENXI,2023-09-05
MR-DEMO-000073,Material Request,items,BIO-00183,8,Nos,Central Warehouse - ENXI,2023-09-11
MR-DEMO-000073,Material Request,items,BIO-00425,15,Nos,Central Warehouse - ENXI,2023-09-14
MR-DEMO-000074,Material Request,items,PPE-024,15,Nos,Central Warehouse - ENXI,2023-09-12
MR-DEMO-000074,Material Request,items,BIO-00394,2,Nos,Central Warehouse - ENXI,2023-09-19
MR-DEMO-000075,Material Request,items,BIO-00445,8,Nos,Central Warehouse - ENXI,2023-09-18
MR-DEMO-000076,Material Request,items,CNT-017,18,Nos,Central Warehouse - ENXI,2023-09-14
MR-DEMO-000076,Material Request,items,BIO-00303,20,Nos,Central Warehouse - ENXI,2023-09-19
MR-DEMO-000076,Material Request,items,BIO-00288,9,Nos,Central Warehouse - ENXI,2023-09-17
MR-DEMO-000077,Material Request,items,BIO-00372,15,Nos,Central Warehouse - ENXI,2023-09-25
MR-DEMO-000077,Material Request,items,BIO-00368,18,Nos,Central Warehouse - ENXI,2023-09-15
MR-DEMO-000077,Material Request,items,BIO-00434,15,Nos,Central Warehouse - ENXI,2023-09-18
MR-DEMO-000078,Material Request,items,BIO-00173,9,Nos,Central Warehouse - ENXI,2023-09-16
MR-DEMO-000079,Material Request,items,BIO-00201,11,Nos,Central Warehouse - ENXI,2023-09-29
MR-DEMO-000080,Material Request,items,BIO-00300,6,Nos,Central Warehouse - ENXI,2023-09-28
MR-DEMO-000081,Material Request,items,BIO-00342,16,Nos,Central Warehouse - ENXI,2023-10-09
MR-DEMO-000081,Material Request,items,BIO-00319,20,Nos,Central Warehouse - ENXI,2023-10-14
MR-DEMO-000081,Material Request,items,BIO-00136,2,Nos,Central Warehouse - ENXI,2023-10-04
MR-DEMO-000081,Material Request,items,SPR-048,8,Set,Central Warehouse - ENXI,2023-10-08
MR-DEMO-000082,Material Request,items,PPE-029,12,Nos,Central Warehouse - ENXI,2023-10-16
MR-DEMO-000082,Material Request,items,BIO-00334,18,Nos,Central Warehouse - ENXI,2023-10-05
MR-DEMO-000082,Material Request,items,BIO-00210,16,Nos,Central Warehouse - ENXI,2023-10-05
MR-DEMO-000083,Material Request,items,BIO-00413,9,Nos,Central Warehouse - ENXI,2023-10-11
MR-DEMO-000083,Material Request,items,BIO-00195,10,Nos,Central Warehouse - ENXI,2023-10-13
MR-DEMO-000083,Material Request,items,BIO-00143,1,Nos,Central Warehouse - ENXI,2023-10-05
MR-DEMO-000084,Material Request,items,CLN-031,1,Nos,Central Warehouse - ENXI,2023-10-09
MR-DEMO-000084,Material Request,items,BIO-00377,14,Nos,Central Warehouse - ENXI,2023-10-09
MR-DEMO-000084,Material Request,items,BIO-00446,12,Nos,Central Warehouse - ENXI,2023-10-09
MR-DEMO-000085,Material Request,items,BIO-00282,7,Nos,Central Warehouse - ENXI,2023-10-13
MR-DEMO-000085,Material Request,items,BIO-00386,18,Nos,Central Warehouse - ENXI,2023-10-16
MR-DEMO-000085,Material Request,items,BIO-00191,6,Nos,Central Warehouse - ENXI,2023-10-14
MR-DEMO-000085,Material Request,items,BIO-00220,1,Nos,Central Warehouse - ENXI,2023-10-13
MR-DEMO-000086,Material Request,items,BIO-00452,10,Nos,Central Warehouse - ENXI,2023-10-21
MR-DEMO-000086,Material Request,items,BIO-00229,5,Nos,Central Warehouse - ENXI,2023-10-20
MR-DEMO-000087,Material Request,items,FUEL-054,7,Ltr,Central Warehouse - ENXI,2023-10-23
MR-DEMO-000088,Material Request,items,BIO-00320,11,Nos,Central Warehouse - ENXI,2023-10-26
MR-DEMO-000088,Material Request,items,SPR-052,3,Nos,Central Warehouse - ENXI,2023-10-23
MR-DEMO-000088,Material Request,items,BIO-00069,6,Nos,Central Warehouse - ENXI,2023-10-25
MR-DEMO-000088,Material Request,items,BIO-00066,13,Nos,Central Warehouse - ENXI,2023-10-20
MR-DEMO-000089,Material Request,items,SPR-042,18,Nos,Central Warehouse - ENXI,2023-10-29
MR-DEMO-000089,Material Request,items,BIO-00072,12,Nos,Central Warehouse - ENXI,2023-10-28
MR-DEMO-000089,Material Request,items,BIO-00180,20,Nos,Central Warehouse - ENXI,2023-10-19
MR-DEMO-000090,Material Request,items,BIO-00185,1,Nos,Central Warehouse - ENXI,2023-10-29
MR-DEMO-000091,Material Request,items,SPR-048,14,Set,Central Warehouse - ENXI,2023-11-05
MR-DEMO-000091,Material Request,items,BIO-00152,16,Nos,Central Warehouse - ENXI,2023-11-02
MR-DEMO-000091,Material Request,items,BIO-00450,13,Nos,Central Warehouse - ENXI,2023-10-29
MR-DEMO-000092,Material Request,items,BIO-00365,8,Nos,Central Warehouse - ENXI,2023-10-28
MR-DEMO-000093,Material Request,items,BIO-00310,15,Nos,Central Warehouse - ENXI,2023-11-04
MR-DEMO-000094,Material Request,items,BIO-00197,10,Nos,Central Warehouse - ENXI,2023-11-05
MR-DEMO-000094,Material Request,items,BIO-00063,14,Nos,Central Warehouse - ENXI,2023-11-07
MR-DEMO-000095,Material Request,items,BIO-00206,19,Nos,Central Warehouse - ENXI,2023-11-09
MR-DEMO-000095,Material Request,items,BIO-00156,12,Nos,Central Warehouse - ENXI,2023-11-13
MR-DEMO-000095,Material Request,items,BIO-00270,20,Nos,Central Warehouse - ENXI,2023-11-05
MR-DEMO-000096,Material Request,items,FUEL-055,18,Nos,Central Warehouse - ENXI,2023-11-09
MR-DEMO-000096,Material Request,items,BIO-00106,17,Nos,Central Warehouse - ENXI,2023-11-07
MR-DEMO-000096,Material Request,items,BIO-00455,3,Nos,Central Warehouse - ENXI,2023-11-09
MR-DEMO-000097,Material Request,items,BIO-00151,9,Nos,Central Warehouse - ENXI,2023-11-17
MR-DEMO-000097,Material Request,items,BIO-00376,20,Nos,Central Warehouse - ENXI,2023-11-21
MR-DEMO-000098,Material Request,items,BIO-00395,11,Nos,Central Warehouse - ENXI,2023-11-20
MR-DEMO-000098,Material Request,items,BIO-00059,9,Nos,Central Warehouse - ENXI,2023-11-15
MR-DEMO-000098,Material Request,items,BIO-00283,19,Nos,Central Warehouse - ENXI,2023-11-15
MR-DEMO-000098,Material Request,items,PPE-022,1,Pair,Central Warehouse - ENXI,2023-11-20
MR-DEMO-000099,Material Request,items,BIO-00185,18,Nos,Central Warehouse - ENXI,2023-11-16
MR-DEMO-000099,Material Request,items,BIO-00219,8,Nos,Central Warehouse - ENXI,2023-11-21
MR-DEMO-000099,Material Request,items,BIO-00091,10,Nos,Central Warehouse - ENXI,2023-11-20
MR-DEMO-000099,Material Request,items,BIO-00391,17,Nos,Central Warehouse - ENXI,2023-11-19
MR-DEMO-000100,Material Request,items,BIO-00396,8,Nos,Central Warehouse - ENXI,2023-11-22
MR-DEMO-000100,Material Request,items,BIO-00215,16,Nos,Central Warehouse - ENXI,2023-11-21
MR-DEMO-000100,Material Request,items,BIO-00423,9,Nos,Central Warehouse - ENXI,2023-11-24
MR-DEMO-000100,Material Request,items,BIO-00252,7,Nos,Central Warehouse - ENXI,2023-11-22
MR-DEMO-000101,Material Request,items,BIO-00139,9,Nos,Central Warehouse - ENXI,2023-11-17
MR-DEMO-000101,Material Request,items,BIO-00191,4,Nos,Central Warehouse - ENXI,2023-11-24
MR-DEMO-000101,Material Request,items,BIO-00063,18,Nos,Central Warehouse - ENXI,2023-11-22
MR-DEMO-000102,Material Request,items,BIO-00445,18,Nos,Central Warehouse - ENXI,2023-12-05
MR-DEMO-000102,Material Request,items,BIO-00240,10,Nos,Central Warehouse - ENXI,2023-12-03
MR-DEMO-000103,Material Request,items,BIO-00229,13,Nos,Central Warehouse - ENXI,2023-11-28
MR-DEMO-000103,Material Request,items,BIO-00366,20,Nos,Central Warehouse - ENXI,2023-11-29
MR-DEMO-000103,Material Request,items,BIO-00313,4,Nos,Central Warehouse - ENXI,2023-12-07
MR-DEMO-000103,Material Request,items,BIO-00109,12,Nos,Central Warehouse - ENXI,2023-11-30
MR-DEMO-000104,Material Request,items,BIO-00187,19,Nos,Central Warehouse - ENXI,2023-12-10
MR-DEMO-000104,Material Request,items,BIO-00344,20,Nos,Central Warehouse - ENXI,2023-12-03
MR-DEMO-000105,Material Request,items,BIO-00454,19,Nos,Central Warehouse - ENXI,2023-12-12
MR-DEMO-000105,Material Request,items,BIO-00444,1,Nos,Central Warehouse - ENXI,2023-12-13
MR-DEMO-000105,Material Request,items,BIO-00418,12,Nos,Central Warehouse - ENXI,2023-12-11
MR-DEMO-000105,Material Request,items,BIO-00397,15,Nos,Central Warehouse - ENXI,2023-12-10
MR-DEMO-000106,Material Request,items,BIO-00333,12,Nos,Central Warehouse - ENXI,2023-12-15
MR-DEMO-000107,Material Request,items,BIO-00419,19,Nos,Central Warehouse - ENXI,2023-12-17
MR-DEMO-000107,Material Request,items,BIO-00355,14,Nos,Central Warehouse - ENXI,2023-12-14
MR-DEMO-000108,Material Request,items,BIO-00450,9,Nos,Central Warehouse - ENXI,2023-12-25
MR-DEMO-000108,Material Request,items,BIO-00256,16,Nos,Central Warehouse - ENXI,2023-12-19
MR-DEMO-000108,Material Request,items,BIO-00151,2,Nos,Central Warehouse - ENXI,2023-12-23
MR-DEMO-000109,Material Request,items,BIO-00081,12,Nos,Central Warehouse - ENXI,2023-12-29
MR-DEMO-000110,Material Request,items,BIO-00196,12,Nos,Central Warehouse - ENXI,2023-12-26
MR-DEMO-000111,Material Request,items,CLN-030,20,Nos,Central Warehouse - ENXI,2024-01-02
MR-DEMO-000111,Material Request,items,BIO-00330,18,Nos,Central Warehouse - ENXI,2023-12-27
MR-DEMO-000111,Material Request,items,BIO-00246,11,Nos,Central Warehouse - ENXI,2023-12-24
MR-DEMO-000112,Material Request,items,BIO-00263,9,Nos,Central Warehouse - ENXI,2023-12-29
MR-DEMO-000112,Material Request,items,BIO-00394,18,Nos,Central Warehouse - ENXI,2023-12-29
MR-DEMO-000113,Material Request,items,BIO-00375,16,Nos,Central Warehouse - ENXI,2023-12-31
MR-DEMO-000113,Material Request,items,BIO-00438,14,Nos,Central Warehouse - ENXI,2023-12-28
MR-DEMO-000113,Material Request,items,BIO-00135,11,Nos,Central Warehouse - ENXI,2024-01-05
MR-DEMO-000114,Material Request,items,BIO-00374,11,Nos,Central Warehouse - ENXI,2023-12-28
MR-DEMO-000115,Material Request,items,BIO-00411,1,Nos,Central Warehouse - ENXI,2024-01-17
MR-DEMO-000115,Material Request,items,BIO-00242,6,Nos,Central Warehouse - ENXI,2024-01-14
MR-DEMO-000116,Material Request,items,BIO-00282,5,Nos,Central Warehouse - ENXI,2024-01-14
MR-DEMO-000116,Material Request,items,BIO-00211,19,Nos,Central Warehouse - ENXI,2024-01-12
MR-DEMO-000117,Material Request,items,SPR-042,18,Nos,Central Warehouse - ENXI,2024-01-17
MR-DEMO-000117,Material Request,items,BIO-00151,6,Nos,Central Warehouse - ENXI,2024-01-19
MR-DEMO-000117,Material Request,items,BIO-00342,14,Nos,Central Warehouse - ENXI,2024-01-14
MR-DEMO-000117,Material Request,items,PPE-023,8,Nos,Central Warehouse - ENXI,2024-01-14
MR-DEMO-000118,Material Request,items,BIO-00415,6,Nos,Central Warehouse - ENXI,2024-01-17
MR-DEMO-000119,Material Request,items,BIO-00147,18,Nos,Central Warehouse - ENXI,2024-01-12
MR-DEMO-000119,Material Request,items,BIO-00340,20,Nos,Central Warehouse - ENXI,2024-01-14
MR-DEMO-000119,Material Request,items,BIO-00112,12,Nos,Central Warehouse - ENXI,2024-01-10
MR-DEMO-000120,Material Request,items,BIO-00422,4,Nos,Central Warehouse - ENXI,2024-01-20
MR-DEMO-000120,Material Request,items,BIO-00193,8,Nos,Central Warehouse - ENXI,2024-01-21
MR-DEMO-000120,Material Request,items,BIO-00265,15,Nos,Central Warehouse - ENXI,2024-01-24
MR-DEMO-000120,Material Request,items,BIO-00281,9,Nos,Central Warehouse - ENXI,2024-01-16
MR-DEMO-000121,Material Request,items,BIO-00227,10,Nos,Central Warehouse - ENXI,2024-01-24
MR-DEMO-000122,Material Request,items,BIO-00211,7,Nos,Central Warehouse - ENXI,2024-01-27
MR-DEMO-000123,Material Request,items,PPE-023,16,Nos,Central Warehouse - ENXI,2024-01-20
MR-DEMO-000123,Material Request,items,BIO-00187,20,Nos,Central Warehouse - ENXI,2024-01-20
MR-DEMO-000123,Material Request,items,BIO-00188,2,Nos,Central Warehouse - ENXI,2024-01-19
MR-DEMO-000124,Material Request,items,BIO-00190,14,Nos,Central Warehouse - ENXI,2024-01-28
MR-DEMO-000125,Material Request,items,BIO-00257,20,Nos,Central Warehouse - ENXI,2024-01-28
MR-DEMO-000126,Material Request,items,BIO-00256,2,Nos,Central Warehouse - ENXI,2024-01-20
MR-DEMO-000127,Material Request,items,BIO-00122,10,Nos,Central Warehouse - ENXI,2024-02-02
MR-DEMO-000127,Material Request,items,BIO-00308,1,Nos,Central Warehouse - ENXI,2024-01-24
MR-DEMO-000128,Material Request,items,BIO-00130,6,Nos,Central Warehouse - ENXI,2024-02-08
MR-DEMO-000128,Material Request,items,BIO-00305,6,Nos,Central Warehouse - ENXI,2024-02-06
MR-DEMO-000128,Material Request,items,BIO-00331,10,Nos,Central Warehouse - ENXI,2024-02-03
MR-DEMO-000129,Material Request,items,BIO-00368,13,Nos,Central Warehouse - ENXI,2024-02-17
MR-DEMO-000130,Material Request,items,BIO-00324,20,Nos,Central Warehouse - ENXI,2024-02-12
MR-DEMO-000130,Material Request,items,BIO-00072,6,Nos,Central Warehouse - ENXI,2024-02-20
MR-DEMO-000130,Material Request,items,BIO-00445,10,Nos,Central Warehouse - ENXI,2024-02-17
MR-DEMO-000131,Material Request,items,SPR-046,4,Nos,Central Warehouse - ENXI,2024-02-26
MR-DEMO-000131,Material Request,items,BIO-00091,18,Nos,Central Warehouse - ENXI,2024-02-25
MR-DEMO-000132,Material Request,items,BIO-00234,12,Nos,Central Warehouse - ENXI,2024-02-28
MR-DEMO-000132,Material Request,items,BIO-00190,4,Nos,Central Warehouse - ENXI,2024-02-20
MR-DEMO-000132,Material Request,items,BIO-00346,5,Nos,Central Warehouse - ENXI,2024-02-19
MR-DEMO-000133,Material Request,items,BIO-00200,20,Nos,Central Warehouse - ENXI,2024-02-27
MR-DEMO-000134,Material Request,items,BIO-00342,19,Nos,Central Warehouse - ENXI,2024-02-26
MR-DEMO-000134,Material Request,items,BIO-00090,7,Nos,Central Warehouse - ENXI,2024-03-02
MR-DEMO-000134,Material Request,items,BIO-00160,7,Nos,Central Warehouse - ENXI,2024-03-01
MR-DEMO-000134,Material Request,items,BIO-00357,7,Nos,Central Warehouse - ENXI,2024-03-04
MR-DEMO-000135,Material Request,items,BIO-00093,17,Nos,Central Warehouse - ENXI,2024-03-02
MR-DEMO-000135,Material Request,items,BIO-00165,13,Nos,Central Warehouse - ENXI,2024-02-26
MR-DEMO-000135,Material Request,items,BIO-00254,16,Nos,Central Warehouse - ENXI,2024-02-26
MR-DEMO-000136,Material Request,items,SPR-039,8,Set,Central Warehouse - ENXI,2024-02-23
MR-DEMO-000136,Material Request,items,BIO-00429,6,Nos,Central Warehouse - ENXI,2024-03-01
MR-DEMO-000136,Material Request,items,BIO-00255,5,Nos,Central Warehouse - ENXI,2024-03-04
MR-DEMO-000137,Material Request,items,BIO-00428,3,Nos,Central Warehouse - ENXI,2024-03-01
MR-DEMO-000137,Material Request,items,BIO-00093,12,Nos,Central Warehouse - ENXI,2024-02-24
MR-DEMO-000138,Material Request,items,BIO-00092,14,Nos,Central Warehouse - ENXI,2024-03-02
MR-DEMO-000138,Material Request,items,BIO-00328,20,Nos,Central Warehouse - ENXI,2024-02-26
MR-DEMO-000139,Material Request,items,BIO-00357,17,Nos,Central Warehouse - ENXI,2024-03-03
MR-DEMO-000139,Material Request,items,BIO-00365,15,Nos,Central Warehouse - ENXI,2024-03-02
MR-DEMO-000139,Material Request,items,BIO-00214,18,Nos,Central Warehouse - ENXI,2024-03-11
MR-DEMO-000140,Material Request,items,BIO-00313,8,Nos,Central Warehouse - ENXI,2024-03-12
MR-DEMO-000140,Material Request,items,BIO-00273,17,Nos,Central Warehouse - ENXI,2024-03-10
MR-DEMO-000140,Material Request,items,BIO-00438,9,Nos,Central Warehouse - ENXI,2024-03-10
MR-DEMO-000140,Material Request,items,SPR-052,6,Nos,Central Warehouse - ENXI,2024-03-09
MR-DEMO-000141,Material Request,items,BIO-00271,16,Nos,Central Warehouse - ENXI,2024-03-20
MR-DEMO-000141,Material Request,items,BIO-00143,16,Nos,Central Warehouse - ENXI,2024-03-21
MR-DEMO-000142,Material Request,items,SPR-038,10,Nos,Central Warehouse - ENXI,2024-03-14
MR-DEMO-000143,Material Request,items,BIO-00317,13,Nos,Central Warehouse - ENXI,2024-03-24
MR-DEMO-000143,Material Request,items,BIO-00418,13,Nos,Central Warehouse - ENXI,2024-03-20
MR-DEMO-000144,Material Request,items,BIO-00063,11,Nos,Central Warehouse - ENXI,2024-03-25
MR-DEMO-000144,Material Request,items,BIO-00124,3,Nos,Central Warehouse - ENXI,2024-03-28
MR-DEMO-000144,Material Request,items,BIO-00275,2,Nos,Central Warehouse - ENXI,2024-03-20
MR-DEMO-000145,Material Request,items,BIO-00147,3,Nos,Central Warehouse - ENXI,2024-03-31
MR-DEMO-000146,Material Request,items,BIO-00302,3,Nos,Central Warehouse - ENXI,2024-03-25
MR-DEMO-000147,Material Request,items,BIO-00414,8,Nos,Central Warehouse - ENXI,2024-03-30
MR-DEMO-000147,Material Request,items,SPR-040,6,Nos,Central Warehouse - ENXI,2024-03-29
MR-DEMO-000148,Material Request,items,BIO-00161,20,Nos,Central Warehouse - ENXI,2024-03-31
MR-DEMO-000149,Material Request,items,PPE-027,3,Nos,Central Warehouse - ENXI,2024-04-05
MR-DEMO-000149,Material Request,items,BIO-00119,12,Nos,Central Warehouse - ENXI,2024-03-30
MR-DEMO-000149,Material Request,items,SPR-044,3,Nos,Central Warehouse - ENXI,2024-03-27
MR-DEMO-000150,Material Request,items,BIO-00273,10,Nos,Central Warehouse - ENXI,2024-04-03
MR-DEMO-000150,Material Request,items,BIO-00214,15,Nos,Central Warehouse - ENXI,2024-04-01
MR-DEMO-000150,Material Request,items,BIO-00058,8,Nos,Central Warehouse - ENXI,2024-04-05
MR-DEMO-000151,Material Request,items,BIO-00382,3,Nos,Central Warehouse - ENXI,2024-04-12
MR-DEMO-000152,Material Request,items,BIO-00302,7,Nos,Central Warehouse - ENXI,2024-04-05
MR-DEMO-000152,Material Request,items,BIO-00242,12,Nos,Central Warehouse - ENXI,2024-04-10
MR-DEMO-000152,Material Request,items,PPE-026,16,Nos,Central Warehouse - ENXI,2024-04-07
MR-DEMO-000153,Material Request,items,BIO-00373,15,Nos,Central Warehouse - ENXI,2024-04-07
MR-DEMO-000154,Material Request,items,BIO-00438,20,Nos,Central Warehouse - ENXI,2024-04-13
MR-DEMO-000154,Material Request,items,BIO-00427,2,Nos,Central Warehouse - ENXI,2024-04-07
MR-DEMO-000155,Material Request,items,BIO-00301,6,Nos,Central Warehouse - ENXI,2024-04-14
MR-DEMO-000155,Material Request,items,BIO-00092,3,Nos,Central Warehouse - ENXI,2024-04-16
MR-DEMO-000155,Material Request,items,BIO-00327,6,Nos,Central Warehouse - ENXI,2024-04-10
MR-DEMO-000156,Material Request,items,CNT-019,1,Nos,Central Warehouse - ENXI,2024-04-17
MR-DEMO-000156,Material Request,items,SPR-051,7,Nos,Central Warehouse - ENXI,2024-04-19
MR-DEMO-000156,Material Request,items,BIO-00207,11,Nos,Central Warehouse - ENXI,2024-04-15
MR-DEMO-000157,Material Request,items,BIO-00218,2,Nos,Central Warehouse - ENXI,2024-04-13
MR-DEMO-000157,Material Request,items,BIO-00344,11,Nos,Central Warehouse - ENXI,2024-04-12
MR-DEMO-000157,Material Request,items,BIO-00150,8,Nos,Central Warehouse - ENXI,2024-04-16
MR-DEMO-000157,Material Request,items,BIO-00289,2,Nos,Central Warehouse - ENXI,2024-04-15
MR-DEMO-000158,Material Request,items,BIO-00436,18,Nos,Central Warehouse - ENXI,2024-04-26
MR-DEMO-000159,Material Request,items,BIO-00185,2,Nos,Central Warehouse - ENXI,2024-04-17
MR-DEMO-000159,Material Request,items,BIO-00173,8,Nos,Central Warehouse - ENXI,2024-04-17
MR-DEMO-000159,Material Request,items,BIO-00374,4,Nos,Central Warehouse - ENXI,2024-04-25
MR-DEMO-000160,Material Request,items,SPR-041,5,Nos,Central Warehouse - ENXI,2024-04-26
MR-DEMO-000160,Material Request,items,BIO-00219,20,Nos,Central Warehouse - ENXI,2024-04-22
MR-DEMO-000160,Material Request,items,BIO-00421,9,Nos,Central Warehouse - ENXI,2024-04-26
MR-DEMO-000160,Material Request,items,BIO-00260,20,Nos,Central Warehouse - ENXI,2024-04-25
MR-DEMO-000161,Material Request,items,BIO-00143,17,Nos,Central Warehouse - ENXI,2024-05-02
MR-DEMO-000161,Material Request,items,BIO-00204,5,Nos,Central Warehouse - ENXI,2024-05-02
MR-DEMO-000161,Material Request,items,BIO-00253,12,Nos,Central Warehouse - ENXI,2024-04-27
MR-DEMO-000162,Material Request,items,BIO-00170,13,Nos,Central Warehouse - ENXI,2024-05-03
MR-DEMO-000162,Material Request,items,BIO-00399,2,Nos,Central Warehouse - ENXI,2024-05-05
MR-DEMO-000163,Material Request,items,BIO-00399,4,Nos,Central Warehouse - ENXI,2024-05-12
MR-DEMO-000163,Material Request,items,BIO-00401,16,Nos,Central Warehouse - ENXI,2024-05-06
MR-DEMO-000163,Material Request,items,BIO-00448,9,Nos,Central Warehouse - ENXI,2024-05-02
MR-DEMO-000163,Material Request,items,BIO-00390,17,Nos,Central Warehouse - ENXI,2024-05-03
MR-DEMO-000164,Material Request,items,BIO-00418,4,Nos,Central Warehouse - ENXI,2024-05-05
MR-DEMO-000165,Material Request,items,BIO-00207,2,Nos,Central Warehouse - ENXI,2024-05-06
MR-DEMO-000166,Material Request,items,BIO-00302,16,Nos,Central Warehouse - ENXI,2024-05-12
MR-DEMO-000167,Material Request,items,CLN-033,18,Nos,Central Warehouse - ENXI,2024-05-06
MR-DEMO-000167,Material Request,items,BIO-00217,16,Nos,Central Warehouse - ENXI,2024-05-15
MR-DEMO-000167,Material Request,items,BIO-00292,13,Nos,Central Warehouse - ENXI,2024-05-09
MR-DEMO-000167,Material Request,items,CLN-035,9,Nos,Central Warehouse - ENXI,2024-05-08
MR-DEMO-000168,Material Request,items,BIO-00165,9,Nos,Central Warehouse - ENXI,2024-05-16
MR-DEMO-000169,Material Request,items,BIO-00404,5,Nos,Central Warehouse - ENXI,2024-05-17
MR-DEMO-000169,Material Request,items,BIO-00219,16,Nos,Central Warehouse - ENXI,2024-05-16
MR-DEMO-000169,Material Request,items,PPE-021,17,Box,Central Warehouse - ENXI,2024-05-14
MR-DEMO-000170,Material Request,items,BIO-00446,2,Nos,Central Warehouse - ENXI,2024-05-11
MR-DEMO-000170,Material Request,items,BIO-00180,4,Nos,Central Warehouse - ENXI,2024-05-13
MR-DEMO-000170,Material Request,items,BIO-00236,17,Nos,Central Warehouse - ENXI,2024-05-20
MR-DEMO-000171,Material Request,items,BIO-00273,9,Nos,Central Warehouse - ENXI,2024-05-25
MR-DEMO-000171,Material Request,items,BIO-00239,2,Nos,Central Warehouse - ENXI,2024-05-20
MR-DEMO-000171,Material Request,items,BIO-00085,9,Nos,Central Warehouse - ENXI,2024-05-17
MR-DEMO-000171,Material Request,items,BIO-00222,19,Nos,Central Warehouse - ENXI,2024-05-26
MR-DEMO-000172,Material Request,items,BIO-00088,1,Nos,Central Warehouse - ENXI,2024-05-27
MR-DEMO-000172,Material Request,items,BIO-00207,18,Nos,Central Warehouse - ENXI,2024-05-21
MR-DEMO-000172,Material Request,items,BIO-00236,1,Nos,Central Warehouse - ENXI,2024-05-20
MR-DEMO-000173,Material Request,items,BIO-00147,8,Nos,Central Warehouse - ENXI,2024-06-05
MR-DEMO-000174,Material Request,items,BIO-00090,8,Nos,Central Warehouse - ENXI,2024-06-09
MR-DEMO-000174,Material Request,items,BIO-00395,15,Nos,Central Warehouse - ENXI,2024-06-06
MR-DEMO-000174,Material Request,items,BIO-00222,4,Nos,Central Warehouse - ENXI,2024-06-10
MR-DEMO-000174,Material Request,items,CLN-036,11,Nos,Central Warehouse - ENXI,2024-06-04
MR-DEMO-000175,Material Request,items,BIO-00177,2,Nos,Central Warehouse - ENXI,2024-06-08
MR-DEMO-000176,Material Request,items,FUEL-053,15,Ltr,Central Warehouse - ENXI,2024-06-13
MR-DEMO-000177,Material Request,items,CNT-014,15,Nos,Central Warehouse - ENXI,2024-06-17
MR-DEMO-000178,Material Request,items,BIO-00271,10,Nos,Central Warehouse - ENXI,2024-06-15
MR-DEMO-000178,Material Request,items,BIO-00197,15,Nos,Central Warehouse - ENXI,2024-06-16
MR-DEMO-000179,Material Request,items,BIO-00259,16,Nos,Central Warehouse - ENXI,2024-06-13
MR-DEMO-000179,Material Request,items,BIO-00233,14,Nos,Central Warehouse - ENXI,2024-06-20
MR-DEMO-000179,Material Request,items,BIO-00079,3,Nos,Central Warehouse - ENXI,2024-06-22
MR-DEMO-000179,Material Request,items,BIO-00383,6,Nos,Central Warehouse - ENXI,2024-06-15
MR-DEMO-000180,Material Request,items,BIO-00312,4,Nos,Central Warehouse - ENXI,2024-06-20
MR-DEMO-000180,Material Request,items,BIO-00117,1,Nos,Central Warehouse - ENXI,2024-06-26
MR-DEMO-000180,Material Request,items,BIO-00315,5,Nos,Central Warehouse - ENXI,2024-06-17
MR-DEMO-000181,Material Request,items,BIO-00102,12,Nos,Central Warehouse - ENXI,2024-06-28
MR-DEMO-000181,Material Request,items,BIO-00260,18,Nos,Central Warehouse - ENXI,2024-06-22
MR-DEMO-000181,Material Request,items,BIO-00112,14,Nos,Central Warehouse - ENXI,2024-06-26
MR-DEMO-000181,Material Request,items,BIO-00155,2,Nos,Central Warehouse - ENXI,2024-06-27
MR-DEMO-000182,Material Request,items,BIO-00099,2,Nos,Central Warehouse - ENXI,2024-06-24
MR-DEMO-000183,Material Request,items,BIO-00425,10,Nos,Central Warehouse - ENXI,2024-07-03
MR-DEMO-000183,Material Request,items,BIO-00250,13,Nos,Central Warehouse - ENXI,2024-07-01
MR-DEMO-000183,Material Request,items,BIO-00388,18,Nos,Central Warehouse - ENXI,2024-06-30
MR-DEMO-000184,Material Request,items,BIO-00355,6,Nos,Central Warehouse - ENXI,2024-07-01
MR-DEMO-000184,Material Request,items,BIO-00398,13,Nos,Central Warehouse - ENXI,2024-06-28
MR-DEMO-000185,Material Request,items,BIO-00224,4,Nos,Central Warehouse - ENXI,2024-07-09
MR-DEMO-000185,Material Request,items,CNT-019,18,Nos,Central Warehouse - ENXI,2024-07-06
MR-DEMO-000186,Material Request,items,BIO-00263,2,Nos,Central Warehouse - ENXI,2024-07-01
MR-DEMO-000186,Material Request,items,BIO-00447,13,Nos,Central Warehouse - ENXI,2024-07-10
MR-DEMO-000186,Material Request,items,BIO-00098,2,Nos,Central Warehouse - ENXI,2024-07-11
MR-DEMO-000187,Material Request,items,BIO-00246,2,Nos,Central Warehouse - ENXI,2024-07-12
MR-DEMO-000187,Material Request,items,BIO-00202,11,Nos,Central Warehouse - ENXI,2024-07-18
MR-DEMO-000188,Material Request,items,BIO-00174,4,Nos,Central Warehouse - ENXI,2024-07-17
MR-DEMO-000189,Material Request,items,BIO-00235,14,Nos,Central Warehouse - ENXI,2024-07-16
MR-DEMO-000190,Material Request,items,BIO-00289,13,Nos,Central Warehouse - ENXI,2024-07-26
MR-DEMO-000190,Material Request,items,BIO-00110,13,Nos,Central Warehouse - ENXI,2024-07-15
MR-DEMO-000190,Material Request,items,BIO-00079,12,Nos,Central Warehouse - ENXI,2024-07-18
MR-DEMO-000191,Material Request,items,BIO-00108,5,Nos,Central Warehouse - ENXI,2024-07-15
MR-DEMO-000191,Material Request,items,BIO-00328,5,Nos,Central Warehouse - ENXI,2024-07-17
MR-DEMO-000191,Material Request,items,BIO-00179,9,Nos,Central Warehouse - ENXI,2024-07-20
MR-DEMO-000191,Material Request,items,CLN-035,18,Nos,Central Warehouse - ENXI,2024-07-15
MR-DEMO-000192,Material Request,items,PPE-021,20,Box,Central Warehouse - ENXI,2024-07-24
MR-DEMO-000192,Material Request,items,BIO-00298,15,Nos,Central Warehouse - ENXI,2024-07-20
MR-DEMO-000192,Material Request,items,BIO-00433,18,Nos,Central Warehouse - ENXI,2024-07-24
MR-DEMO-000193,Material Request,items,BIO-00337,10,Nos,Central Warehouse - ENXI,2024-07-20
MR-DEMO-000193,Material Request,items,BIO-00398,2,Nos,Central Warehouse - ENXI,2024-07-19
MR-DEMO-000194,Material Request,items,BIO-00211,11,Nos,Central Warehouse - ENXI,2024-07-30
MR-DEMO-000194,Material Request,items,BIO-00161,17,Nos,Central Warehouse - ENXI,2024-07-26
MR-DEMO-000194,Material Request,items,BIO-00135,19,Nos,Central Warehouse - ENXI,2024-07-25
MR-DEMO-000194,Material Request,items,PPE-025,1,Nos,Central Warehouse - ENXI,2024-07-26
MR-DEMO-000195,Material Request,items,BIO-00371,11,Nos,Central Warehouse - ENXI,2024-08-03
MR-DEMO-000195,Material Request,items,BIO-00377,14,Nos,Central Warehouse - ENXI,2024-07-24
MR-DEMO-000196,Material Request,items,CLN-031,13,Nos,Central Warehouse - ENXI,2024-07-29
MR-DEMO-000196,Material Request,items,BIO-00301,8,Nos,Central Warehouse - ENXI,2024-08-01
MR-DEMO-000196,Material Request,items,BIO-00202,20,Nos,Central Warehouse - ENXI,2024-07-25
MR-DEMO-000196,Material Request,items,BIO-00157,10,Nos,Central Warehouse - ENXI,2024-08-01
MR-DEMO-000197,Material Request,items,BIO-00394,18,Nos,Central Warehouse - ENXI,2024-07-30
MR-DEMO-000197,Material Request,items,SPR-041,9,Nos,Central Warehouse - ENXI,2024-08-03
MR-DEMO-000197,Material Request,items,CNT-019,5,Nos,Central Warehouse - ENXI,2024-08-03
MR-DEMO-000198,Material Request,items,BIO-00093,15,Nos,Central Warehouse - ENXI,2024-08-03
MR-DEMO-000199,Material Request,items,BIO-00108,1,Nos,Central Warehouse - ENXI,2024-08-18
MR-DEMO-000200,Material Request,items,BIO-00449,4,Nos,Central Warehouse - ENXI,2024-08-18
MR-DEMO-000201,Material Request,items,BIO-00180,10,Nos,Central Warehouse - ENXI,2024-08-24
MR-DEMO-000201,Material Request,items,BIO-00119,18,Nos,Central Warehouse - ENXI,2024-08-25
MR-DEMO-000201,Material Request,items,BIO-00408,1,Nos,Central Warehouse - ENXI,2024-08-25
MR-DEMO-000201,Material Request,items,BIO-00156,6,Nos,Central Warehouse - ENXI,2024-08-24
MR-DEMO-000202,Material Request,items,BIO-00093,17,Nos,Central Warehouse - ENXI,2024-08-20
MR-DEMO-000202,Material Request,items,BIO-00268,11,Nos,Central Warehouse - ENXI,2024-08-18
MR-DEMO-000202,Material Request,items,BIO-00239,6,Nos,Central Warehouse - ENXI,2024-08-23
MR-DEMO-000202,Material Request,items,BIO-00173,8,Nos,Central Warehouse - ENXI,2024-08-20
MR-DEMO-000203,Material Request,items,BIO-00286,12,Nos,Central Warehouse - ENXI,2024-08-27
MR-DEMO-000203,Material Request,items,BIO-00175,12,Nos,Central Warehouse - ENXI,2024-08-26
MR-DEMO-000204,Material Request,items,BIO-00092,9,Nos,Central Warehouse - ENXI,2024-09-10
MR-DEMO-000204,Material Request,items,FUEL-053,3,Ltr,Central Warehouse - ENXI,2024-09-10
MR-DEMO-000204,Material Request,items,BIO-00295,17,Nos,Central Warehouse - ENXI,2024-09-10
MR-DEMO-000205,Material Request,items,BIO-00380,12,Nos,Central Warehouse - ENXI,2024-09-04
MR-DEMO-000206,Material Request,items,BIO-00283,9,Nos,Central Warehouse - ENXI,2024-09-07
MR-DEMO-000207,Material Request,items,BIO-00395,3,Nos,Central Warehouse - ENXI,2024-09-17
MR-DEMO-000207,Material Request,items,BIO-00064,5,Nos,Central Warehouse - ENXI,2024-09-13
MR-DEMO-000207,Material Request,items,BIO-00377,1,Nos,Central Warehouse - ENXI,2024-09-20
MR-DEMO-000208,Material Request,items,BIO-00152,12,Nos,Central Warehouse - ENXI,2024-09-15
MR-DEMO-000209,Material Request,items,BIO-00122,5,Nos,Central Warehouse - ENXI,2024-09-26
MR-DEMO-000209,Material Request,items,BIO-00220,20,Nos,Central Warehouse - ENXI,2024-09-21
MR-DEMO-000210,Material Request,items,BIO-00241,8,Nos,Central Warehouse - ENXI,2024-09-27
MR-DEMO-000210,Material Request,items,BIO-00250,20,Nos,Central Warehouse - ENXI,2024-09-22
MR-DEMO-000210,Material Request,items,CLN-033,19,Nos,Central Warehouse - ENXI,2024-09-21
MR-DEMO-000211,Material Request,items,BIO-00447,7,Nos,Central Warehouse - ENXI,2024-10-05
MR-DEMO-000211,Material Request,items,CLN-036,13,Nos,Central Warehouse - ENXI,2024-09-26
MR-DEMO-000212,Material Request,items,BIO-00222,2,Nos,Central Warehouse - ENXI,2024-10-04
MR-DEMO-000212,Material Request,items,FUEL-053,5,Ltr,Central Warehouse - ENXI,2024-10-01
MR-DEMO-000213,Material Request,items,BIO-00117,20,Nos,Central Warehouse - ENXI,2024-10-02
MR-DEMO-000213,Material Request,items,BIO-00327,3,Nos,Central Warehouse - ENXI,2024-09-30
MR-DEMO-000213,Material Request,items,BIO-00342,11,Nos,Central Warehouse - ENXI,2024-10-06
MR-DEMO-000213,Material Request,items,BIO-00428,3,Nos,Central Warehouse - ENXI,2024-10-07
MR-DEMO-000214,Material Request,items,BIO-00308,10,Nos,Central Warehouse - ENXI,2024-10-06
MR-DEMO-000214,Material Request,items,BIO-00232,10,Nos,Central Warehouse - ENXI,2024-10-06
MR-DEMO-000214,Material Request,items,BIO-00230,12,Nos,Central Warehouse - ENXI,2024-10-13
MR-DEMO-000214,Material Request,items,BIO-00366,7,Nos,Central Warehouse - ENXI,2024-10-04
MR-DEMO-000215,Material Request,items,BIO-00366,20,Nos,Central Warehouse - ENXI,2024-10-10
MR-DEMO-000215,Material Request,items,BIO-00202,14,Nos,Central Warehouse - ENXI,2024-10-14
MR-DEMO-000215,Material Request,items,BIO-00401,4,Nos,Central Warehouse - ENXI,2024-10-11
MR-DEMO-000216,Material Request,items,BIO-00067,10,Nos,Central Warehouse - ENXI,2024-10-14
MR-DEMO-000216,Material Request,items,BIO-00371,8,Nos,Central Warehouse - ENXI,2024-10-18
MR-DEMO-000216,Material Request,items,BIO-00067,18,Nos,Central Warehouse - ENXI,2024-10-15
MR-DEMO-000217,Material Request,items,BIO-00222,8,Nos,Central Warehouse - ENXI,2024-10-19
MR-DEMO-000217,Material Request,items,BIO-00356,2,Nos,Central Warehouse - ENXI,2024-10-18
MR-DEMO-000217,Material Request,items,BIO-00113,1,Nos,Central Warehouse - ENXI,2024-10-20
MR-DEMO-000217,Material Request,items,BIO-00091,7,Nos,Central Warehouse - ENXI,2024-10-19
MR-DEMO-000218,Material Request,items,BIO-00065,19,Nos,Central Warehouse - ENXI,2024-10-22
MR-DEMO-000218,Material Request,items,CNT-014,5,Nos,Central Warehouse - ENXI,2024-10-21
MR-DEMO-000219,Material Request,items,BIO-00265,1,Nos,Central Warehouse - ENXI,2024-10-21
MR-DEMO-000219,Material Request,items,CNT-014,1,Nos,Central Warehouse - ENXI,2024-10-21
MR-DEMO-000220,Material Request,items,BIO-00206,14,Nos,Central Warehouse - ENXI,2024-10-27
MR-DEMO-000220,Material Request,items,BIO-00167,15,Nos,Central Warehouse - ENXI,2024-10-19
MR-DEMO-000220,Material Request,items,BIO-00427,16,Nos,Central Warehouse - ENXI,2024-10-29
MR-DEMO-000220,Material Request,items,BIO-00090,13,Nos,Central Warehouse - ENXI,2024-10-19
MR-DEMO-000221,Material Request,items,BIO-00173,16,Nos,Central Warehouse - ENXI,2024-10-31
MR-DEMO-000221,Material Request,items,BIO-00271,20,Nos,Central Warehouse - ENXI,2024-10-26
MR-DEMO-000221,Material Request,items,BIO-00230,7,Nos,Central Warehouse - ENXI,2024-10-26
MR-DEMO-000221,Material Request,items,BIO-00269,1,Nos,Central Warehouse - ENXI,2024-10-25
MR-DEMO-000222,Material Request,items,BIO-00283,2,Nos,Central Warehouse - ENXI,2024-10-29
MR-DEMO-000222,Material Request,items,BIO-00408,17,Nos,Central Warehouse - ENXI,2024-10-23
MR-DEMO-000223,Material Request,items,BIO-00300,15,Nos,Central Warehouse - ENXI,2024-10-23
MR-DEMO-000224,Material Request,items,BIO-00162,15,Nos,Central Warehouse - ENXI,2024-10-30
MR-DEMO-000224,Material Request,items,CLN-037,15,Nos,Central Warehouse - ENXI,2024-10-28
MR-DEMO-000225,Material Request,items,BIO-00082,4,Nos,Central Warehouse - ENXI,2024-10-26
MR-DEMO-000225,Material Request,items,BIO-00300,17,Nos,Central Warehouse - ENXI,2024-11-05
MR-DEMO-000225,Material Request,items,BIO-00332,14,Nos,Central Warehouse - ENXI,2024-10-29
MR-DEMO-000225,Material Request,items,BIO-00218,15,Nos,Central Warehouse - ENXI,2024-11-03
MR-DEMO-000226,Material Request,items,BIO-00228,18,Nos,Central Warehouse - ENXI,2024-11-06
MR-DEMO-000227,Material Request,items,BIO-00205,13,Nos,Central Warehouse - ENXI,2024-11-06
MR-DEMO-000228,Material Request,items,BIO-00093,16,Nos,Central Warehouse - ENXI,2024-11-09
MR-DEMO-000229,Material Request,items,BIO-00201,6,Nos,Central Warehouse - ENXI,2024-11-20
MR-DEMO-000229,Material Request,items,BIO-00356,9,Nos,Central Warehouse - ENXI,2024-11-18
MR-DEMO-000230,Material Request,items,BIO-00228,18,Nos,Central Warehouse - ENXI,2024-11-22
MR-DEMO-000231,Material Request,items,BIO-00092,10,Nos,Central Warehouse - ENXI,2024-11-30
MR-DEMO-000231,Material Request,items,BIO-00352,20,Nos,Central Warehouse - ENXI,2024-12-08
MR-DEMO-000232,Material Request,items,CNT-016,7,Nos,Central Warehouse - ENXI,2024-12-01
MR-DEMO-000232,Material Request,items,CLN-033,18,Nos,Central Warehouse - ENXI,2024-11-30
MR-DEMO-000232,Material Request,items,BIO-00283,7,Nos,Central Warehouse - ENXI,2024-12-04
MR-DEMO-000232,Material Request,items,BIO-00298,1,Nos,Central Warehouse - ENXI,2024-12-09
MR-DEMO-000233,Material Request,items,BIO-00143,17,Nos,Central Warehouse - ENXI,2024-12-09
MR-DEMO-000233,Material Request,items,BIO-00294,19,Nos,Central Warehouse - ENXI,2024-12-02
MR-DEMO-000233,Material Request,items,BIO-00431,9,Nos,Central Warehouse - ENXI,2024-12-10
MR-DEMO-000234,Material Request,items,BIO-00225,11,Nos,Central Warehouse - ENXI,2024-12-19
MR-DEMO-000234,Material Request,items,BIO-00205,15,Nos,Central Warehouse - ENXI,2024-12-22
MR-DEMO-000234,Material Request,items,BIO-00336,5,Nos,Central Warehouse - ENXI,2024-12-17
MR-DEMO-000235,Material Request,items,BIO-00122,3,Nos,Central Warehouse - ENXI,2024-12-23
MR-DEMO-000236,Material Request,items,BIO-00228,14,Nos,Central Warehouse - ENXI,2024-12-27
MR-DEMO-000237,Material Request,items,SPR-040,11,Nos,Central Warehouse - ENXI,2025-01-03
MR-DEMO-000237,Material Request,items,BIO-00322,19,Nos,Central Warehouse - ENXI,2024-12-31
MR-DEMO-000237,Material Request,items,BIO-00337,10,Nos,Central Warehouse - ENXI,2024-12-27
MR-DEMO-000238,Material Request,items,BIO-00383,18,Nos,Central Warehouse - ENXI,2024-12-31
MR-DEMO-000238,Material Request,items,BIO-00443,7,Nos,Central Warehouse - ENXI,2025-01-07
MR-DEMO-000238,Material Request,items,BIO-00280,6,Nos,Central Warehouse - ENXI,2025-01-10
MR-DEMO-000238,Material Request,items,BIO-00409,11,Nos,Central Warehouse - ENXI,2025-01-11
MR-DEMO-000239,Material Request,items,BIO-00076,14,Nos,Central Warehouse - ENXI,2025-01-12
MR-DEMO-000240,Material Request,items,PPE-023,10,Nos,Central Warehouse - ENXI,2025-01-04
MR-DEMO-000240,Material Request,items,BIO-00182,11,Nos,Central Warehouse - ENXI,2025-01-10
MR-DEMO-000240,Material Request,items,BIO-00288,4,Nos,Central Warehouse - ENXI,2025-01-06
MR-DEMO-000240,Material Request,items,BIO-00335,15,Nos,Central Warehouse - ENXI,2025-01-06
MR-DEMO-000241,Material Request,items,BIO-00431,6,Nos,Central Warehouse - ENXI,2025-01-09
MR-DEMO-000241,Material Request,items,BIO-00442,16,Nos,Central Warehouse - ENXI,2025-01-18
MR-DEMO-000241,Material Request,items,BIO-00185,13,Nos,Central Warehouse - ENXI,2025-01-10
MR-DEMO-000242,Material Request,items,BIO-00381,9,Nos,Central Warehouse - ENXI,2025-01-11
MR-DEMO-000242,Material Request,items,BIO-00112,4,Nos,Central Warehouse - ENXI,2025-01-15
MR-DEMO-000242,Material Request,items,BIO-00290,6,Nos,Central Warehouse - ENXI,2025-01-15
MR-DEMO-000243,Material Request,items,BIO-00192,20,Nos,Central Warehouse - ENXI,2025-01-20
MR-DEMO-000244,Material Request,items,PPE-028,17,Pair,Central Warehouse - ENXI,2025-01-20
MR-DEMO-000244,Material Request,items,BIO-00434,1,Nos,Central Warehouse - ENXI,2025-01-23
MR-DEMO-000245,Material Request,items,BIO-00141,1,Nos,Central Warehouse - ENXI,2025-01-20
MR-DEMO-000245,Material Request,items,BIO-00182,15,Nos,Central Warehouse - ENXI,2025-01-26
MR-DEMO-000245,Material Request,items,BIO-00162,14,Nos,Central Warehouse - ENXI,2025-01-25
MR-DEMO-000245,Material Request,items,BIO-00083,4,Nos,Central Warehouse - ENXI,2025-01-28
MR-DEMO-000246,Material Request,items,BIO-00273,11,Nos,Central Warehouse - ENXI,2025-01-26
MR-DEMO-000246,Material Request,items,BIO-00187,5,Nos,Central Warehouse - ENXI,2025-01-25
MR-DEMO-000246,Material Request,items,BIO-00187,10,Nos,Central Warehouse - ENXI,2025-01-22
MR-DEMO-000246,Material Request,items,BIO-00146,11,Nos,Central Warehouse - ENXI,2025-01-28
MR-DEMO-000247,Material Request,items,BIO-00101,20,Nos,Central Warehouse - ENXI,2025-01-23
MR-DEMO-000247,Material Request,items,BIO-00305,20,Nos,Central Warehouse - ENXI,2025-01-21
MR-DEMO-000247,Material Request,items,BIO-00249,6,Nos,Central Warehouse - ENXI,2025-01-23
MR-DEMO-000247,Material Request,items,BIO-00379,14,Nos,Central Warehouse - ENXI,2025-01-28
MR-DEMO-000248,Material Request,items,BIO-00233,1,Nos,Central Warehouse - ENXI,2025-01-23
MR-DEMO-000249,Material Request,items,BIO-00128,17,Nos,Central Warehouse - ENXI,2025-01-28
MR-DEMO-000250,Material Request,items,BIO-00297,14,Nos,Central Warehouse - ENXI,2025-02-09
MR-DEMO-000250,Material Request,items,BIO-00287,17,Nos,Central Warehouse - ENXI,2025-02-02
MR-DEMO-000251,Material Request,items,BIO-00423,7,Nos,Central Warehouse - ENXI,2025-02-08
MR-DEMO-000251,Material Request,items,BIO-00353,20,Nos,Central Warehouse - ENXI,2025-02-08
MR-DEMO-000252,Material Request,items,BIO-00195,9,Nos,Central Warehouse - ENXI,2025-02-12
MR-DEMO-000252,Material Request,items,BIO-00344,17,Nos,Central Warehouse - ENXI,2025-02-17
MR-DEMO-000253,Material Request,items,BIO-00232,3,Nos,Central Warehouse - ENXI,2025-02-10
MR-DEMO-000253,Material Request,items,BIO-00128,12,Nos,Central Warehouse - ENXI,2025-02-16
MR-DEMO-000253,Material Request,items,BIO-00202,16,Nos,Central Warehouse - ENXI,2025-02-14
MR-DEMO-000253,Material Request,items,BIO-00340,18,Nos,Central Warehouse - ENXI,2025-02-10
MR-DEMO-000254,Material Request,items,BIO-00263,3,Nos,Central Warehouse - ENXI,2025-03-01
MR-DEMO-000254,Material Request,items,BIO-00168,19,Nos,Central Warehouse - ENXI,2025-02-20
MR-DEMO-000255,Material Request,items,BIO-00130,12,Nos,Central Warehouse - ENXI,2025-02-21
MR-DEMO-000255,Material Request,items,BIO-00343,13,Nos,Central Warehouse - ENXI,2025-02-21
MR-DEMO-000255,Material Request,items,SPR-038,3,Nos,Central Warehouse - ENXI,2025-02-23
MR-DEMO-000255,Material Request,items,BIO-00432,14,Nos,Central Warehouse - ENXI,2025-02-27
MR-DEMO-000256,Material Request,items,BIO-00311,14,Nos,Central Warehouse - ENXI,2025-02-25
MR-DEMO-000257,Material Request,items,BIO-00302,3,Nos,Central Warehouse - ENXI,2025-02-25
MR-DEMO-000258,Material Request,items,BIO-00232,13,Nos,Central Warehouse - ENXI,2025-03-02
MR-DEMO-000259,Material Request,items,BIO-00170,11,Nos,Central Warehouse - ENXI,2025-03-10
MR-DEMO-000259,Material Request,items,BIO-00380,8,Nos,Central Warehouse - ENXI,2025-03-06
MR-DEMO-000259,Material Request,items,SPR-039,4,Set,Central Warehouse - ENXI,2025-03-13
MR-DEMO-000260,Material Request,items,BIO-00078,16,Nos,Central Warehouse - ENXI,2025-03-20
MR-DEMO-000260,Material Request,items,BIO-00164,6,Nos,Central Warehouse - ENXI,2025-03-09
MR-DEMO-000260,Material Request,items,BIO-00343,11,Nos,Central Warehouse - ENXI,2025-03-11
MR-DEMO-000260,Material Request,items,BIO-00432,5,Nos,Central Warehouse - ENXI,2025-03-14
MR-DEMO-000261,Material Request,items,BIO-00363,7,Nos,Central Warehouse - ENXI,2025-03-09
MR-DEMO-000261,Material Request,items,BIO-00267,7,Nos,Central Warehouse - ENXI,2025-03-11
MR-DEMO-000261,Material Request,items,BIO-00067,14,Nos,Central Warehouse - ENXI,2025-03-15
MR-DEMO-000261,Material Request,items,BIO-00203,13,Nos,Central Warehouse - ENXI,2025-03-18
MR-DEMO-000262,Material Request,items,SPR-042,18,Nos,Central Warehouse - ENXI,2025-03-20
MR-DEMO-000262,Material Request,items,BIO-00353,13,Nos,Central Warehouse - ENXI,2025-03-11
MR-DEMO-000262,Material Request,items,BIO-00454,4,Nos,Central Warehouse - ENXI,2025-03-17
MR-DEMO-000262,Material Request,items,BIO-00059,7,Nos,Central Warehouse - ENXI,2025-03-20
MR-DEMO-000263,Material Request,items,BIO-00195,2,Nos,Central Warehouse - ENXI,2025-03-12
MR-DEMO-000263,Material Request,items,BIO-00220,9,Nos,Central Warehouse - ENXI,2025-03-14
MR-DEMO-000264,Material Request,items,BIO-00415,9,Nos,Central Warehouse - ENXI,2025-03-15
MR-DEMO-000264,Material Request,items,BIO-00170,19,Nos,Central Warehouse - ENXI,2025-03-22
MR-DEMO-000264,Material Request,items,BIO-00168,14,Nos,Central Warehouse - ENXI,2025-03-17
MR-DEMO-000264,Material Request,items,BIO-00083,14,Nos,Central Warehouse - ENXI,2025-03-22
MR-DEMO-000265,Material Request,items,BIO-00445,11,Nos,Central Warehouse - ENXI,2025-03-17
MR-DEMO-000266,Material Request,items,BIO-00356,9,Nos,Central Warehouse - ENXI,2025-03-15
MR-DEMO-000266,Material Request,items,FUEL-053,14,Ltr,Central Warehouse - ENXI,2025-03-14
MR-DEMO-000266,Material Request,items,BIO-00092,17,Nos,Central Warehouse - ENXI,2025-03-19
MR-DEMO-000266,Material Request,items,BIO-00370,19,Nos,Central Warehouse - ENXI,2025-03-19
MR-DEMO-000267,Material Request,items,BIO-00187,12,Nos,Central Warehouse - ENXI,2025-03-24
MR-DEMO-000267,Material Request,items,BIO-00339,18,Nos,Central Warehouse - ENXI,2025-03-22
MR-DEMO-000267,Material Request,items,BIO-00174,19,Nos,Central Warehouse - ENXI,2025-03-26
MR-DEMO-000267,Material Request,items,BIO-00107,2,Nos,Central Warehouse - ENXI,2025-03-19
MR-DEMO-000268,Material Request,items,BIO-00177,6,Nos,Central Warehouse - ENXI,2025-03-28
MR-DEMO-000268,Material Request,items,BIO-00389,6,Nos,Central Warehouse - ENXI,2025-03-23
MR-DEMO-000268,Material Request,items,CLN-037,4,Nos,Central Warehouse - ENXI,2025-03-26
MR-DEMO-000269,Material Request,items,PPE-022,8,Pair,Central Warehouse - ENXI,2025-03-31
MR-DEMO-000269,Material Request,items,BIO-00080,20,Nos,Central Warehouse - ENXI,2025-03-28
MR-DEMO-000270,Material Request,items,BIO-00162,10,Nos,Central Warehouse - ENXI,2025-03-24
MR-DEMO-000270,Material Request,items,BIO-00128,5,Nos,Central Warehouse - ENXI,2025-03-30
MR-DEMO-000270,Material Request,items,BIO-00371,10,Nos,Central Warehouse - ENXI,2025-03-26
MR-DEMO-000271,Material Request,items,BIO-00267,10,Nos,Central Warehouse - ENXI,2025-04-06
MR-DEMO-000271,Material Request,items,SPR-039,10,Set,Central Warehouse - ENXI,2025-04-02
MR-DEMO-000271,Material Request,items,BIO-00244,5,Nos,Central Warehouse - ENXI,2025-03-30
MR-DEMO-000271,Material Request,items,BIO-00337,13,Nos,Central Warehouse - ENXI,2025-04-06
MR-DEMO-000272,Material Request,items,BIO-00088,17,Nos,Central Warehouse - ENXI,2025-03-29
MR-DEMO-000272,Material Request,items,BIO-00350,10,Nos,Central Warehouse - ENXI,2025-03-27
MR-DEMO-000272,Material Request,items,BIO-00300,1,Nos,Central Warehouse - ENXI,2025-04-01
MR-DEMO-000272,Material Request,items,BIO-00242,3,Nos,Central Warehouse - ENXI,2025-03-26
MR-DEMO-000273,Material Request,items,BIO-00298,10,Nos,Central Warehouse - ENXI,2025-04-01
MR-DEMO-000273,Material Request,items,BIO-00100,20,Nos,Central Warehouse - ENXI,2025-04-05
MR-DEMO-000273,Material Request,items,BIO-00096,19,Nos,Central Warehouse - ENXI,2025-04-06
MR-DEMO-000273,Material Request,items,BIO-00138,3,Nos,Central Warehouse - ENXI,2025-04-03
MR-DEMO-000274,Material Request,items,BIO-00074,5,Nos,Central Warehouse - ENXI,2025-04-16
MR-DEMO-000274,Material Request,items,BIO-00076,14,Nos,Central Warehouse - ENXI,2025-04-13
MR-DEMO-000275,Material Request,items,BIO-00408,2,Nos,Central Warehouse - ENXI,2025-04-11
MR-DEMO-000275,Material Request,items,BIO-00157,17,Nos,Central Warehouse - ENXI,2025-04-18
MR-DEMO-000275,Material Request,items,SPR-048,1,Set,Central Warehouse - ENXI,2025-04-14
MR-DEMO-000275,Material Request,items,BIO-00341,12,Nos,Central Warehouse - ENXI,2025-04-16
MR-DEMO-000276,Material Request,items,BIO-00197,17,Nos,Central Warehouse - ENXI,2025-04-26
MR-DEMO-000277,Material Request,items,BIO-00359,12,Nos,Central Warehouse - ENXI,2025-04-24
MR-DEMO-000277,Material Request,items,BIO-00191,4,Nos,Central Warehouse - ENXI,2025-04-28
MR-DEMO-000277,Material Request,items,BIO-00087,8,Nos,Central Warehouse - ENXI,2025-04-22
MR-DEMO-000278,Material Request,items,SPR-040,15,Nos,Central Warehouse - ENXI,2025-05-01
MR-DEMO-000278,Material Request,items,PPE-025,17,Nos,Central Warehouse - ENXI,2025-04-20
MR-DEMO-000278,Material Request,items,BIO-00224,7,Nos,Central Warehouse - ENXI,2025-04-21
MR-DEMO-000279,Material Request,items,BIO-00324,10,Nos,Central Warehouse - ENXI,2025-04-29
MR-DEMO-000279,Material Request,items,BIO-00177,15,Nos,Central Warehouse - ENXI,2025-05-04
MR-DEMO-000279,Material Request,items,BIO-00395,9,Nos,Central Warehouse - ENXI,2025-05-01
MR-DEMO-000280,Material Request,items,BIO-00119,4,Nos,Central Warehouse - ENXI,2025-05-02
MR-DEMO-000280,Material Request,items,BIO-00279,6,Nos,Central Warehouse - ENXI,2025-05-01
MR-DEMO-000280,Material Request,items,BIO-00338,4,Nos,Central Warehouse - ENXI,2025-05-01
MR-DEMO-000280,Material Request,items,BIO-00105,13,Nos,Central Warehouse - ENXI,2025-05-04
MR-DEMO-000281,Material Request,items,BIO-00349,17,Nos,Central Warehouse - ENXI,2025-05-02
MR-DEMO-000282,Material Request,items,BIO-00405,16,Nos,Central Warehouse - ENXI,2025-05-11
MR-DEMO-000282,Material Request,items,BIO-00270,19,Nos,Central Warehouse - ENXI,2025-05-06
MR-DEMO-000282,Material Request,items,BIO-00404,15,Nos,Central Warehouse - ENXI,2025-05-13
MR-DEMO-000283,Material Request,items,SPR-041,12,Nos,Central Warehouse - ENXI,2025-05-06
MR-DEMO-000283,Material Request,items,BIO-00239,1,Nos,Central Warehouse - ENXI,2025-05-15
MR-DEMO-000283,Material Request,items,BIO-00201,1,Nos,Central Warehouse - ENXI,2025-05-16
MR-DEMO-000283,Material Request,items,BIO-00217,5,Nos,Central Warehouse - ENXI,2025-05-12
MR-DEMO-000284,Material Request,items,BIO-00239,13,Nos,Central Warehouse - ENXI,2025-05-15
MR-DEMO-000284,Material Request,items,BIO-00142,7,Nos,Central Warehouse - ENXI,2025-05-15
MR-DEMO-000285,Material Request,items,BIO-00090,1,Nos,Central Warehouse - ENXI,2025-05-20
MR-DEMO-000285,Material Request,items,BIO-00322,17,Nos,Central Warehouse - ENXI,2025-05-13
MR-DEMO-000285,Material Request,items,BIO-00142,16,Nos,Central Warehouse - ENXI,2025-05-13
MR-DEMO-000285,Material Request,items,BIO-00258,17,Nos,Central Warehouse - ENXI,2025-05-22
MR-DEMO-000286,Material Request,items,BIO-00237,20,Nos,Central Warehouse - ENXI,2025-05-21
MR-DEMO-000286,Material Request,items,BIO-00267,16,Nos,Central Warehouse - ENXI,2025-05-23
MR-DEMO-000287,Material Request,items,BIO-00329,19,Nos,Central Warehouse - ENXI,2025-05-29
MR-DEMO-000287,Material Request,items,BIO-00234,7,Nos,Central Warehouse - ENXI,2025-05-26
MR-DEMO-000288,Material Request,items,BIO-00197,9,Nos,Central Warehouse - ENXI,2025-05-26
MR-DEMO-000288,Material Request,items,BIO-00067,19,Nos,Central Warehouse - ENXI,2025-05-30
MR-DEMO-000288,Material Request,items,BIO-00356,8,Nos,Central Warehouse - ENXI,2025-05-30
MR-DEMO-000289,Material Request,items,BIO-00281,6,Nos,Central Warehouse - ENXI,2025-05-30
MR-DEMO-000289,Material Request,items,BIO-00425,5,Nos,Central Warehouse - ENXI,2025-06-04
MR-DEMO-000290,Material Request,items,BIO-00226,12,Nos,Central Warehouse - ENXI,2025-05-26
MR-DEMO-000291,Material Request,items,BIO-00096,16,Nos,Central Warehouse - ENXI,2025-05-30
MR-DEMO-000291,Material Request,items,BIO-00240,18,Nos,Central Warehouse - ENXI,2025-06-06
MR-DEMO-000291,Material Request,items,BIO-00264,4,Nos,Central Warehouse - ENXI,2025-05-31
MR-DEMO-000292,Material Request,items,BIO-00110,7,Nos,Central Warehouse - ENXI,2025-05-28
MR-DEMO-000292,Material Request,items,BIO-00343,15,Nos,Central Warehouse - ENXI,2025-06-05
MR-DEMO-000293,Material Request,items,BIO-00340,10,Nos,Central Warehouse - ENXI,2025-06-04
MR-DEMO-000293,Material Request,items,BIO-00180,13,Nos,Central Warehouse - ENXI,2025-05-29
MR-DEMO-000294,Material Request,items,BIO-00451,15,Nos,Central Warehouse - ENXI,2025-06-05
MR-DEMO-000295,Material Request,items,BIO-00084,4,Nos,Central Warehouse - ENXI,2025-06-03
MR-DEMO-000296,Material Request,items,BIO-00267,17,Nos,Central Warehouse - ENXI,2025-06-10
MR-DEMO-000296,Material Request,items,BIO-00169,20,Nos,Central Warehouse - ENXI,2025-06-13
MR-DEMO-000297,Material Request,items,SPR-040,1,Nos,Central Warehouse - ENXI,2025-06-10
MR-DEMO-000297,Material Request,items,BIO-00073,5,Nos,Central Warehouse - ENXI,2025-06-10
MR-DEMO-000297,Material Request,items,BIO-00128,17,Nos,Central Warehouse - ENXI,2025-06-15
MR-DEMO-000297,Material Request,items,SPR-039,14,Set,Central Warehouse - ENXI,2025-06-08
MR-DEMO-000298,Material Request,items,BIO-00181,7,Nos,Central Warehouse - ENXI,2025-06-13
MR-DEMO-000299,Material Request,items,BIO-00099,18,Nos,Central Warehouse - ENXI,2025-06-16
MR-DEMO-000299,Material Request,items,BIO-00336,19,Nos,Central Warehouse - ENXI,2025-06-19
MR-DEMO-000300,Material Request,items,BIO-00158,13,Nos,Central Warehouse - ENXI,2025-06-13
MR-DEMO-000300,Material Request,items,BIO-00103,13,Nos,Central Warehouse - ENXI,2025-06-19
MR-DEMO-000300,Material Request,items,BIO-00358,20,Nos,Central Warehouse - ENXI,2025-06-18
MR-DEMO-000300,Material Request,items,BIO-00174,7,Nos,Central Warehouse - ENXI,2025-06-12
MR-DEMO-000301,Material Request,items,BIO-00095,9,Nos,Central Warehouse - ENXI,2025-06-16
MR-DEMO-000301,Material Request,items,BIO-00287,16,Nos,Central Warehouse - ENXI,2025-06-15
MR-DEMO-000301,Material Request,items,BIO-00451,1,Nos,Central Warehouse - ENXI,2025-06-20
MR-DEMO-000302,Material Request,items,BIO-00387,4,Nos,Central Warehouse - ENXI,2025-06-22
MR-DEMO-000302,Material Request,items,BIO-00452,10,Nos,Central Warehouse - ENXI,2025-06-22
MR-DEMO-000303,Material Request,items,BIO-00426,4,Nos,Central Warehouse - ENXI,2025-06-28
MR-DEMO-000303,Material Request,items,BIO-00373,19,Nos,Central Warehouse - ENXI,2025-06-25
MR-DEMO-000303,Material Request,items,BIO-00349,9,Nos,Central Warehouse - ENXI,2025-06-24
MR-DEMO-000304,Material Request,items,BIO-00102,9,Nos,Central Warehouse - ENXI,2025-07-01
MR-DEMO-000304,Material Request,items,BIO-00115,18,Nos,Central Warehouse - ENXI,2025-06-25
MR-DEMO-000304,Material Request,items,CNT-015,19,Nos,Central Warehouse - ENXI,2025-07-02
MR-DEMO-000304,Material Request,items,BIO-00436,5,Nos,Central Warehouse - ENXI,2025-06-28
MR-DEMO-000305,Material Request,items,BIO-00444,12,Nos,Central Warehouse - ENXI,2025-06-29
MR-DEMO-000306,Material Request,items,BIO-00282,11,Nos,Central Warehouse - ENXI,2025-06-26
MR-DEMO-000306,Material Request,items,BIO-00343,15,Nos,Central Warehouse - ENXI,2025-06-26
MR-DEMO-000306,Material Request,items,BIO-00176,4,Nos,Central Warehouse - ENXI,2025-07-04
MR-DEMO-000306,Material Request,items,BIO-00091,12,Nos,Central Warehouse - ENXI,2025-06-27
MR-DEMO-000307,Material Request,items,BIO-00110,3,Nos,Central Warehouse - ENXI,2025-07-12
MR-DEMO-000308,Material Request,items,BIO-00078,1,Nos,Central Warehouse - ENXI,2025-07-12
MR-DEMO-000308,Material Request,items,BIO-00193,19,Nos,Central Warehouse - ENXI,2025-07-06
MR-DEMO-000308,Material Request,items,BIO-00152,9,Nos,Central Warehouse - ENXI,2025-07-16
MR-DEMO-000308,Material Request,items,BIO-00203,14,Nos,Central Warehouse - ENXI,2025-07-11
MR-DEMO-000309,Material Request,items,BIO-00424,13,Nos,Central Warehouse - ENXI,2025-07-16
MR-DEMO-000309,Material Request,items,BIO-00247,13,Nos,Central Warehouse - ENXI,2025-07-05
MR-DEMO-000309,Material Request,items,BIO-00059,11,Nos,Central Warehouse - ENXI,2025-07-05
MR-DEMO-000309,Material Request,items,BIO-00378,9,Nos,Central Warehouse - ENXI,2025-07-08
MR-DEMO-000310,Material Request,items,CNT-012,6,Nos,Central Warehouse - ENXI,2025-07-13
MR-DEMO-000311,Material Request,items,BIO-00244,13,Nos,Central Warehouse - ENXI,2025-07-19
MR-DEMO-000311,Material Request,items,BIO-00167,15,Nos,Central Warehouse - ENXI,2025-07-13
MR-DEMO-000311,Material Request,items,BIO-00226,13,Nos,Central Warehouse - ENXI,2025-07-13
MR-DEMO-000312,Material Request,items,BIO-00383,5,Nos,Central Warehouse - ENXI,2025-07-20
MR-DEMO-000312,Material Request,items,BIO-00341,16,Nos,Central Warehouse - ENXI,2025-07-18
MR-DEMO-000313,Material Request,items,BIO-00184,1,Nos,Central Warehouse - ENXI,2025-07-18
MR-DEMO-000314,Material Request,items,BIO-00417,5,Nos,Central Warehouse - ENXI,2025-07-15
MR-DEMO-000315,Material Request,items,BIO-00230,6,Nos,Central Warehouse - ENXI,2025-07-17
MR-DEMO-000315,Material Request,items,BIO-00171,16,Nos,Central Warehouse - ENXI,2025-07-26
MR-DEMO-000315,Material Request,items,PPE-023,14,Nos,Central Warehouse - ENXI,2025-07-17
MR-DEMO-000316,Material Request,items,BIO-00447,15,Nos,Central Warehouse - ENXI,2025-07-19
MR-DEMO-000316,Material Request,items,BIO-00440,1,Nos,Central Warehouse - ENXI,2025-07-21
MR-DEMO-000317,Material Request,items,BIO-00290,20,Nos,Central Warehouse - ENXI,2025-07-18
MR-DEMO-000317,Material Request,items,BIO-00263,17,Nos,Central Warehouse - ENXI,2025-07-19
MR-DEMO-000318,Material Request,items,BIO-00308,7,Nos,Central Warehouse - ENXI,2025-07-23
MR-DEMO-000318,Material Request,items,BIO-00306,13,Nos,Central Warehouse - ENXI,2025-07-24
MR-DEMO-000319,Material Request,items,BIO-00069,2,Nos,Central Warehouse - ENXI,2025-07-30
MR-DEMO-000319,Material Request,items,BIO-00215,4,Nos,Central Warehouse - ENXI,2025-07-30
MR-DEMO-000319,Material Request,items,BIO-00321,2,Nos,Central Warehouse - ENXI,2025-07-27
MR-DEMO-000319,Material Request,items,BIO-00233,15,Nos,Central Warehouse - ENXI,2025-07-24
MR-DEMO-000320,Material Request,items,BIO-00149,4,Nos,Central Warehouse - ENXI,2025-07-29
MR-DEMO-000321,Material Request,items,BIO-00238,20,Nos,Central Warehouse - ENXI,2025-08-05
MR-DEMO-000321,Material Request,items,BIO-00357,7,Nos,Central Warehouse - ENXI,2025-07-31
MR-DEMO-000321,Material Request,items,BIO-00316,19,Nos,Central Warehouse - ENXI,2025-08-03
MR-DEMO-000321,Material Request,items,BIO-00223,15,Nos,Central Warehouse - ENXI,2025-07-30
MR-DEMO-000322,Material Request,items,BIO-00356,2,Nos,Central Warehouse - ENXI,2025-08-09
MR-DEMO-000322,Material Request,items,BIO-00248,9,Nos,Central Warehouse - ENXI,2025-08-10
MR-DEMO-000322,Material Request,items,BIO-00227,3,Nos,Central Warehouse - ENXI,2025-08-03
MR-DEMO-000322,Material Request,items,BIO-00088,20,Nos,Central Warehouse - ENXI,2025-08-09
MR-DEMO-000323,Material Request,items,BIO-00289,17,Nos,Central Warehouse - ENXI,2025-08-09
MR-DEMO-000323,Material Request,items,BIO-00376,16,Nos,Central Warehouse - ENXI,2025-08-12
MR-DEMO-000323,Material Request,items,BIO-00446,19,Nos,Central Warehouse - ENXI,2025-08-13
MR-DEMO-000323,Material Request,items,BIO-00272,17,Nos,Central Warehouse - ENXI,2025-08-07
MR-DEMO-000324,Material Request,items,BIO-00190,20,Nos,Central Warehouse - ENXI,2025-08-15
MR-DEMO-000324,Material Request,items,BIO-00283,13,Nos,Central Warehouse - ENXI,2025-08-17
MR-DEMO-000324,Material Request,items,BIO-00363,14,Nos,Central Warehouse - ENXI,2025-08-11
MR-DEMO-000324,Material Request,items,BIO-00240,9,Nos,Central Warehouse - ENXI,2025-08-17
MR-DEMO-000325,Material Request,items,CNT-018,2,Nos,Central Warehouse - ENXI,2025-08-19
MR-DEMO-000325,Material Request,items,BIO-00377,15,Nos,Central Warehouse - ENXI,2025-08-11
MR-DEMO-000326,Material Request,items,BIO-00428,11,Nos,Central Warehouse - ENXI,2025-08-27
MR-DEMO-000326,Material Request,items,BIO-00193,1,Nos,Central Warehouse - ENXI,2025-08-19
MR-DEMO-000326,Material Request,items,BIO-00427,7,Nos,Central Warehouse - ENXI,2025-08-21
MR-DEMO-000326,Material Request,items,BIO-00208,15,Nos,Central Warehouse - ENXI,2025-08-20
MR-DEMO-000327,Material Request,items,SPR-045,11,Nos,Central Warehouse - ENXI,2025-08-25
MR-DEMO-000328,Material Request,items,BIO-00153,1,Nos,Central Warehouse - ENXI,2025-08-27
MR-DEMO-000329,Material Request,items,BIO-00162,13,Nos,Central Warehouse - ENXI,2025-08-27
MR-DEMO-000329,Material Request,items,BIO-00323,4,Nos,Central Warehouse - ENXI,2025-09-02
MR-DEMO-000330,Material Request,items,BIO-00227,11,Nos,Central Warehouse - ENXI,2025-08-26
MR-DEMO-000331,Material Request,items,BIO-00351,7,Nos,Central Warehouse - ENXI,2025-09-07
MR-DEMO-000331,Material Request,items,BIO-00066,12,Nos,Central Warehouse - ENXI,2025-09-06
MR-DEMO-000332,Material Request,items,BIO-00252,18,Nos,Central Warehouse - ENXI,2025-09-04
MR-DEMO-000332,Material Request,items,BIO-00419,8,Nos,Central Warehouse - ENXI,2025-09-04
MR-DEMO-000333,Material Request,items,BIO-00198,4,Nos,Central Warehouse - ENXI,2025-09-12
MR-DEMO-000334,Material Request,items,BIO-00207,19,Nos,Central Warehouse - ENXI,2025-09-08
MR-DEMO-000334,Material Request,items,PPE-025,9,Nos,Central Warehouse - ENXI,2025-09-15
MR-DEMO-000335,Material Request,items,BIO-00233,10,Nos,Central Warehouse - ENXI,2025-09-12
MR-DEMO-000335,Material Request,items,BIO-00318,9,Nos,Central Warehouse - ENXI,2025-09-08
MR-DEMO-000335,Material Request,items,BIO-00406,12,Nos,Central Warehouse - ENXI,2025-09-18
MR-DEMO-000336,Material Request,items,BIO-00062,20,Nos,Central Warehouse - ENXI,2025-09-11
MR-DEMO-000336,Material Request,items,BIO-00327,9,Nos,Central Warehouse - ENXI,2025-09-10
MR-DEMO-000336,Material Request,items,BIO-00265,18,Nos,Central Warehouse - ENXI,2025-09-17
MR-DEMO-000337,Material Request,items,BIO-00330,6,Nos,Central Warehouse - ENXI,2025-09-16
MR-DEMO-000338,Material Request,items,PPE-022,20,Pair,Central Warehouse - ENXI,2025-09-21
MR-DEMO-000339,Material Request,items,BIO-00339,14,Nos,Central Warehouse - ENXI,2025-09-25
MR-DEMO-000340,Material Request,items,BIO-00452,3,Nos,Central Warehouse - ENXI,2025-09-23
MR-DEMO-000340,Material Request,items,BIO-00339,14,Nos,Central Warehouse - ENXI,2025-09-28
MR-DEMO-000340,Material Request,items,BIO-00211,4,Nos,Central Warehouse - ENXI,2025-09-18
MR-DEMO-000341,Material Request,items,BIO-00439,20,Nos,Central Warehouse - ENXI,2025-09-23
MR-DEMO-000341,Material Request,items,BIO-00095,1,Nos,Central Warehouse - ENXI,2025-09-25
MR-DEMO-000342,Material Request,items,BIO-00187,17,Nos,Central Warehouse - ENXI,2025-10-07
MR-DEMO-000343,Material Request,items,BIO-00155,1,Nos,Central Warehouse - ENXI,2025-10-08
MR-DEMO-000343,Material Request,items,BIO-00331,16,Nos,Central Warehouse - ENXI,2025-10-11
MR-DEMO-000344,Material Request,items,BIO-00371,16,Nos,Central Warehouse - ENXI,2025-10-12
MR-DEMO-000344,Material Request,items,BIO-00157,1,Nos,Central Warehouse - ENXI,2025-10-10
MR-DEMO-000344,Material Request,items,BIO-00130,2,Nos,Central Warehouse - ENXI,2025-10-13
MR-DEMO-000345,Material Request,items,BIO-00394,17,Nos,Central Warehouse - ENXI,2025-10-17
MR-DEMO-000346,Material Request,items,BIO-00313,18,Nos,Central Warehouse - ENXI,2025-10-30
MR-DEMO-000346,Material Request,items,BIO-00234,6,Nos,Central Warehouse - ENXI,2025-10-23
MR-DEMO-000346,Material Request,items,BIO-00363,10,Nos,Central Warehouse - ENXI,2025-10-30
MR-DEMO-000347,Material Request,items,BIO-00226,9,Nos,Central Warehouse - ENXI,2025-11-02
MR-DEMO-000347,Material Request,items,BIO-00063,20,Nos,Central Warehouse - ENXI,2025-10-27
MR-DEMO-000347,Material Request,items,BIO-00313,12,Nos,Central Warehouse - ENXI,2025-10-31
MR-DEMO-000347,Material Request,items,BIO-00120,6,Nos,Central Warehouse - ENXI,2025-10-28
MR-DEMO-000348,Material Request,items,FUEL-054,1,Ltr,Central Warehouse - ENXI,2025-10-25
MR-DEMO-000349,Material Request,items,BIO-00146,20,Nos,Central Warehouse - ENXI,2025-10-27
MR-DEMO-000349,Material Request,items,BIO-00086,15,Nos,Central Warehouse - ENXI,2025-11-01
MR-DEMO-000350,Material Request,items,BIO-00284,11,Nos,Central Warehouse - ENXI,2025-11-10
MR-DEMO-000351,Material Request,items,BIO-00228,17,Nos,Central Warehouse - ENXI,2025-11-03
MR-DEMO-000351,Material Request,items,BIO-00132,20,Nos,Central Warehouse - ENXI,2025-11-11
MR-DEMO-000352,Material Request,items,BIO-00147,7,Nos,Central Warehouse - ENXI,2025-11-17
MR-DEMO-000352,Material Request,items,BIO-00154,9,Nos,Central Warehouse - ENXI,2025-11-14
MR-DEMO-000352,Material Request,items,BIO-00415,6,Nos,Central Warehouse - ENXI,2025-11-07
MR-DEMO-000353,Material Request,items,BIO-00072,4,Nos,Central Warehouse - ENXI,2025-11-12
MR-DEMO-000354,Material Request,items,BIO-00219,20,Nos,Central Warehouse - ENXI,2025-11-15
MR-DEMO-000354,Material Request,items,BIO-00410,4,Nos,Central Warehouse - ENXI,2025-11-21
MR-DEMO-000354,Material Request,items,BIO-00201,4,Nos,Central Warehouse - ENXI,2025-11-14
MR-DEMO-000354,Material Request,items,BIO-00330,18,Nos,Central Warehouse - ENXI,2025-11-16
MR-DEMO-000355,Material Request,items,BIO-00116,16,Nos,Central Warehouse - ENXI,2025-11-18
MR-DEMO-000355,Material Request,items,CNT-019,17,Nos,Central Warehouse - ENXI,2025-11-16
MR-DEMO-000356,Material Request,items,BIO-00072,15,Nos,Central Warehouse - ENXI,2025-11-20
MR-DEMO-000356,Material Request,items,BIO-00097,11,Nos,Central Warehouse - ENXI,2025-11-17
MR-DEMO-000357,Material Request,items,BIO-00087,9,Nos,Central Warehouse - ENXI,2025-11-21
MR-DEMO-000357,Material Request,items,BIO-00140,5,Nos,Central Warehouse - ENXI,2025-11-19
MR-DEMO-000358,Material Request,items,BIO-00420,16,Nos,Central Warehouse - ENXI,2025-11-28
MR-DEMO-000358,Material Request,items,BIO-00233,11,Nos,Central Warehouse - ENXI,2025-11-25
MR-DEMO-000358,Material Request,items,BIO-00096,18,Nos,Central Warehouse - ENXI,2025-11-19
MR-DEMO-000359,Material Request,items,BIO-00203,1,Nos,Central Warehouse - ENXI,2025-11-20
MR-DEMO-000359,Material Request,items,BIO-00227,9,Nos,Central Warehouse - ENXI,2025-12-01
MR-DEMO-000360,Material Request,items,BIO-00168,17,Nos,Central Warehouse - ENXI,2025-11-30
MR-DEMO-000361,Material Request,items,BIO-00255,18,Nos,Central Warehouse - ENXI,2025-12-01
MR-DEMO-000362,Material Request,items,BIO-00199,12,Nos,Central Warehouse - ENXI,2025-12-08
MR-DEMO-000362,Material Request,items,BIO-00237,6,Nos,Central Warehouse - ENXI,2025-12-09
MR-DEMO-000363,Material Request,items,PPE-023,14,Nos,Central Warehouse - ENXI,2025-12-08
MR-DEMO-000363,Material Request,items,BIO-00334,12,Nos,Central Warehouse - ENXI,2025-12-14
MR-DEMO-000363,Material Request,items,BIO-00249,7,Nos,Central Warehouse - ENXI,2025-12-12
MR-DEMO-000363,Material Request,items,PPE-021,17,Box,Central Warehouse - ENXI,2025-12-06
MR-DEMO-000364,Material Request,items,BIO-00435,5,Nos,Central Warehouse - ENXI,2025-12-13
MR-DEMO-000364,Material Request,items,BIO-00085,7,Nos,Central Warehouse - ENXI,2025-12-18
MR-DEMO-000365,Material Request,items,BIO-00247,12,Nos,Central Warehouse - ENXI,2025-12-10
MR-DEMO-000365,Material Request,items,SPR-044,3,Nos,Central Warehouse - ENXI,2025-12-15
MR-DEMO-000365,Material Request,items,BIO-00113,5,Nos,Central Warehouse - ENXI,2025-12-20
MR-DEMO-000365,Material Request,items,BIO-00242,1,Nos,Central Warehouse - ENXI,2025-12-13
MR-DEMO-000366,Material Request,items,BIO-00239,16,Nos,Central Warehouse - ENXI,2025-12-16
MR-DEMO-000366,Material Request,items,BIO-00399,13,Nos,Central Warehouse - ENXI,2025-12-22
MR-DEMO-000366,Material Request,items,BIO-00290,17,Nos,Central Warehouse - ENXI,2025-12-22
MR-DEMO-000367,Material Request,items,BIO-00388,16,Nos,Central Warehouse - ENXI,2025-12-15
MR-DEMO-000367,Material Request,items,BIO-00133,15,Nos,Central Warehouse - ENXI,2025-12-23
MR-DEMO-000368,Material Request,items,CNT-016,17,Nos,Central Warehouse - ENXI,2025-12-21
MR-DEMO-000368,Material Request,items,BIO-00453,11,Nos,Central Warehouse - ENXI,2025-12-24
MR-DEMO-000368,Material Request,items,BIO-00271,6,Nos,Central Warehouse - ENXI,2025-12-29
MR-DEMO-000368,Material Request,items,BIO-00310,18,Nos,Central Warehouse - ENXI,2026-01-01
MR-DEMO-000369,Material Request,items,BIO-00347,8,Nos,Central Warehouse - ENXI,2026-01-01
MR-DEMO-000369,Material Request,items,BIO-00325,13,Nos,Central Warehouse - ENXI,2025-12-27
MR-DEMO-000370,Material Request,items,BIO-00444,7,Nos,Central Warehouse - ENXI,2026-01-01
MR-DEMO-000370,Material Request,items,BIO-00261,13,Nos,Central Warehouse - ENXI,2025-12-26
MR-DEMO-000370,Material Request,items,BIO-00424,10,Nos,Central Warehouse - ENXI,2025-12-27
MR-DEMO-000371,Material Request,items,BIO-00208,5,Nos,Central Warehouse - ENXI,2025-12-25
MR-DEMO-000371,Material Request,items,BIO-00090,1,Nos,Central Warehouse - ENXI,2025-12-31
MR-DEMO-000371,Material Request,items,BIO-00348,7,Nos,Central Warehouse - ENXI,2025-12-27
MR-DEMO-000372,Material Request,items,BIO-00421,5,Nos,Central Warehouse - ENXI,2026-01-02
MR-DEMO-000372,Material Request,items,BIO-00301,13,Nos,Central Warehouse - ENXI,2025-12-25
MR-DEMO-000372,Material Request,items,BIO-00119,17,Nos,Central Warehouse - ENXI,2025-12-24
MR-DEMO-000373,Material Request,items,CLN-034,14,Nos,Central Warehouse - ENXI,2026-01-06
MR-DEMO-000373,Material Request,items,BIO-00315,7,Nos,Central Warehouse - ENXI,2026-01-06
MR-DEMO-000373,Material Request,items,BIO-00318,9,Nos,Central Warehouse - ENXI,2026-01-02
MR-DEMO-000373,Material Request,items,SPR-050,2,Nos,Central Warehouse - ENXI,2026-01-03
MR-DEMO-000374,Material Request,items,BIO-00277,5,Nos,Central Warehouse - ENXI,2026-01-09
MR-DEMO-000374,Material Request,items,BIO-00084,3,Nos,Central Warehouse - ENXI,2026-01-06
MR-DEMO-000375,Material Request,items,CNT-019,10,Nos,Central Warehouse - ENXI,2026-01-14
MR-DEMO-000375,Material Request,items,BIO-00106,16,Nos,Central Warehouse - ENXI,2026-01-11
MR-DEMO-000375,Material Request,items,BIO-00203,16,Nos,Central Warehouse - ENXI,2026-01-04
MR-DEMO-000375,Material Request,items,BIO-00396,2,Nos,Central Warehouse - ENXI,2026-01-06
MR-DEMO-000376,Material Request,items,BIO-00336,1,Nos,Central Warehouse - ENXI,2026-01-09
MR-DEMO-000376,Material Request,items,BIO-00204,20,Nos,Central Warehouse - ENXI,2026-01-09
MR-DEMO-000377,Material Request,items,BIO-00102,11,Nos,Central Warehouse - ENXI,2026-01-18
MR-DEMO-000377,Material Request,items,PPE-029,19,Nos,Central Warehouse - ENXI,2026-01-14
MR-DEMO-000377,Material Request,items,BIO-00326,10,Nos,Central Warehouse - ENXI,2026-01-09
MR-DEMO-000377,Material Request,items,BIO-00083,7,Nos,Central Warehouse - ENXI,2026-01-13
MR-DEMO-000378,Material Request,items,BIO-00358,18,Nos,Central Warehouse - ENXI,2026-01-20
MR-DEMO-000379,Material Request,items,BIO-00280,3,Nos,Central Warehouse - ENXI,2026-01-16
MR-DEMO-000380,Material Request,items,BIO-00156,20,Nos,Central Warehouse - ENXI,2026-01-29
MR-DEMO-000381,Material Request,items,PPE-025,8,Nos,Central Warehouse - ENXI,2026-02-13
MR-DEMO-000381,Material Request,items,BIO-00273,1,Nos,Central Warehouse - ENXI,2026-02-15
MR-DEMO-000381,Material Request,items,BIO-00344,11,Nos,Central Warehouse - ENXI,2026-02-15
MR-DEMO-000381,Material Request,items,BIO-00351,17,Nos,Central Warehouse - ENXI,2026-02-11
MR-DEMO-000382,Material Request,items,BIO-00422,16,Nos,Central Warehouse - ENXI,2026-02-09
MR-DEMO-000382,Material Request,items,BIO-00411,4,Nos,Central Warehouse - ENXI,2026-02-10
MR-DEMO-000383,Material Request,items,BIO-00265,14,Nos,Central Warehouse - ENXI,2026-02-11
MR-DEMO-000383,Material Request,items,BIO-00454,18,Nos,Central Warehouse - ENXI,2026-02-11
MR-DEMO-000383,Material Request,items,BIO-00409,3,Nos,Central Warehouse - ENXI,2026-02-19
MR-DEMO-000383,Material Request,items,BIO-00312,3,Nos,Central Warehouse - ENXI,2026-02-18
MR-DEMO-000384,Material Request,items,BIO-00131,17,Nos,Central Warehouse - ENXI,2026-02-16
MR-DEMO-000384,Material Request,items,BIO-00369,8,Nos,Central Warehouse - ENXI,2026-02-12
MR-DEMO-000384,Material Request,items,BIO-00406,19,Nos,Central Warehouse - ENXI,2026-02-19
MR-DEMO-000385,Material Request,items,BIO-00406,13,Nos,Central Warehouse - ENXI,2026-02-20
MR-DEMO-000385,Material Request,items,BIO-00378,9,Nos,Central Warehouse - ENXI,2026-02-14
MR-DEMO-000385,Material Request,items,BIO-00072,18,Nos,Central Warehouse - ENXI,2026-02-13
MR-DEMO-000386,Material Request,items,BIO-00427,17,Nos,Central Warehouse - ENXI,2026-03-01
MR-DEMO-000387,Material Request,items,BIO-00097,20,Nos,Central Warehouse - ENXI,2026-02-21
MR-DEMO-000387,Material Request,items,BIO-00377,8,Nos,Central Warehouse - ENXI,2026-02-21
MR-DEMO-000387,Material Request,items,BIO-00074,6,Nos,Central Warehouse - ENXI,2026-02-26
MR-DEMO-000387,Material Request,items,BIO-00194,20,Nos,Central Warehouse - ENXI,2026-03-03
MR-DEMO-000388,Material Request,items,CNT-015,7,Nos,Central Warehouse - ENXI,2026-02-20
MR-DEMO-000388,Material Request,items,BIO-00079,7,Nos,Central Warehouse - ENXI,2026-02-21
MR-DEMO-000388,Material Request,items,BIO-00080,3,Nos,Central Warehouse - ENXI,2026-02-27
MR-DEMO-000388,Material Request,items,BIO-00282,4,Nos,Central Warehouse - ENXI,2026-02-27
MR-DEMO-000389,Material Request,items,BIO-00372,8,Nos,Central Warehouse - ENXI,2026-02-22
MR-DEMO-000389,Material Request,items,BIO-00264,11,Nos,Central Warehouse - ENXI,2026-02-28
MR-DEMO-000390,Material Request,items,SPR-052,18,Nos,Central Warehouse - ENXI,2026-02-28
MR-DEMO-000391,Material Request,items,BIO-00224,7,Nos,Central Warehouse - ENXI,2026-02-27
MR-DEMO-000392,Material Request,items,BIO-00188,5,Nos,Central Warehouse - ENXI,2026-03-07
MR-DEMO-000392,Material Request,items,BIO-00097,13,Nos,Central Warehouse - ENXI,2026-03-01
MR-DEMO-000392,Material Request,items,BIO-00295,19,Nos,Central Warehouse - ENXI,2026-03-01
MR-DEMO-000392,Material Request,items,CNT-016,19,Nos,Central Warehouse - ENXI,2026-03-05
MR-DEMO-000393,Material Request,items,PPE-021,3,Box,Central Warehouse - ENXI,2026-03-07
MR-DEMO-000394,Material Request,items,BIO-00399,11,Nos,Central Warehouse - ENXI,2026-03-02
MR-DEMO-000394,Material Request,items,BIO-00127,13,Nos,Central Warehouse - ENXI,2026-03-11
MR-DEMO-000395,Material Request,items,BIO-00290,1,Nos,Central Warehouse - ENXI,2026-03-03
MR-DEMO-000395,Material Request,items,BIO-00122,15,Nos,Central Warehouse - ENXI,2026-03-02
MR-DEMO-000396,Material Request,items,BIO-00438,20,Nos,Central Warehouse - ENXI,2026-03-11
MR-DEMO-000397,Material Request,items,BIO-00210,20,Nos,Central Warehouse - ENXI,2026-03-14
MR-DEMO-000397,Material Request,items,FUEL-054,8,Ltr,Central Warehouse - ENXI,2026-03-14
MR-DEMO-000397,Material Request,items,CLN-030,15,Nos,Central Warehouse - ENXI,2026-03-15
MR-DEMO-000398,Material Request,items,CLN-030,10,Nos,Central Warehouse - ENXI,2026-03-14
MR-DEMO-000398,Material Request,items,CLN-036,19,Nos,Central Warehouse - ENXI,2026-03-17
MR-DEMO-000399,Material Request,items,BIO-00365,12,Nos,Central Warehouse - ENXI,2026-03-16
MR-DEMO-000399,Material Request,items,BIO-00135,7,Nos,Central Warehouse - ENXI,2026-03-18
MR-DEMO-000400,Material Request,items,BIO-00375,6,Nos,Central Warehouse - ENXI,2026-03-21
MR-DEMO-000400,Material Request,items,BIO-00079,11,Nos,Central Warehouse - ENXI,2026-03-16
MR-DEMO-000400,Material Request,items,CLN-030,10,Nos,Central Warehouse - ENXI,2026-03-24
MR-DEMO-000400,Material Request,items,BIO-00151,13,Nos,Central Warehouse - ENXI,2026-03-16
